Frame,Prediction,Confidence,FPS
1,non-crocodile,0.9861,0.69
2,non-crocodile,0.9899,0.84
3,non-crocodile,0.9933,0.89
4,non-crocodile,0.9948,0.93
5,non-crocodile,0.9955,0.84
6,non-crocodile,0.9958,0.74
7,non-crocodile,0.9959,0.92
8,non-crocodile,0.9982,0.87
9,non-crocodile,0.9992,0.76
10,non-crocodile,0.9996,0.84
11,non-crocodile,0.9996,0.7
12,non-crocodile,0.9996,0.88
13,non-crocodile,0.9996,0.82
14,non-crocodile,0.9997,0.84
15,non-crocodile,0.9998,0.73
16,non-crocodile,0.9998,0.89
17,non-crocodile,0.9998,0.9
18,non-crocodile,0.9998,0.84
19,non-crocodile,0.9998,0.78
20,non-crocodile,0.9995,0.84
21,non-crocodile,0.9986,0.88
22,non-crocodile,0.9977,0.88
23,non-crocodile,0.9977,0.78
24,non-crocodile,0.9969,0.91
25,non-crocodile,0.9962,0.91
26,non-crocodile,0.9961,0.86
27,non-crocodile,0.9967,0.75
28,non-crocodile,0.9976,0.91
29,non-crocodile,0.9969,0.81
30,non-crocodile,0.9969,0.74
31,non-crocodile,0.9965,0.9
32,non-crocodile,0.997,0.87
33,non-crocodile,0.9969,0.9
34,non-crocodile,0.9968,0.78
35,non-crocodile,0.9983,0.91
36,non-crocodile,0.9978,0.87
37,non-crocodile,0.9977,0.84
38,non-crocodile,0.9976,0.75
39,non-crocodile,0.9971,0.89
40,non-crocodile,0.9973,0.82
41,non-crocodile,0.9972,0.79
42,non-crocodile,0.9972,0.95
43,non-crocodile,0.9972,0.89
44,non-crocodile,0.9972,0.77
45,non-crocodile,0.9972,0.78
46,non-crocodile,0.9972,0.91
47,non-crocodile,0.9973,0.87
48,non-crocodile,0.9973,0.87
49,non-crocodile,0.9972,0.76
50,non-crocodile,0.9973,0.77
51,crocodile,0.6025,0.86
52,crocodile,0.5878,0.91
53,crocodile,0.5536,0.87
54,crocodile,0.5428,0.77
55,crocodile,0.5593,0.9
56,crocodile,0.5678,0.87
57,crocodile,0.5686,0.84
58,crocodile,0.5746,0.78
59,crocodile,0.575,0.92
60,crocodile,0.5616,0.88
61,crocodile,0.5502,0.79
62,crocodile,0.5411,0.82
63,crocodile,0.5596,0.93
64,crocodile,0.5559,0.89
65,crocodile,0.5581,0.75
66,crocodile,0.5538,0.79
67,crocodile,0.5792,0.88
68,crocodile,0.5761,0.88
69,crocodile,0.547,0.73
70,crocodile,0.5736,0.92
71,crocodile,0.6031,0.86
72,crocodile,0.5281,0.76
73,non-crocodile,0.5499,0.79
74,non-crocodile,0.5645,0.88
75,non-crocodile,0.6159,0.75
76,non-crocodile,0.5383,0.87
77,non-crocodile,0.5778,0.78
78,non-crocodile,0.6028,0.85
79,non-crocodile,0.5717,0.87
80,non-crocodile,0.5072,0.79
81,crocodile,0.5432,0.92
82,crocodile,0.5251,0.81
83,crocodile,0.6303,0.83
84,crocodile,0.6535,0.78
85,crocodile,0.7244,0.94
86,crocodile,0.7327,0.8
87,crocodile,0.7822,0.75
88,crocodile,0.862,0.76
89,crocodile,0.8688,0.93
90,crocodile,0.8101,0.89
91,crocodile,0.8793,0.82
92,crocodile,0.9232,0.76
93,crocodile,0.8555,0.88
94,crocodile,0.8912,0.92
95,crocodile,0.8468,0.73
96,crocodile,0.8682,0.92
97,crocodile,0.8529,0.87
98,crocodile,0.856,0.85
99,crocodile,0.9048,0.74
100,crocodile,0.9086,0.92
101,crocodile,0.8803,0.89
102,crocodile,0.9314,0.87
103,crocodile,0.8879,0.73
104,crocodile,0.8971,0.95
105,crocodile,0.9096,0.89
106,crocodile,0.9581,0.84
107,crocodile,0.9461,0.74
108,crocodile,0.9543,0.86
109,crocodile,0.9432,0.87
110,crocodile,0.9791,0.87
111,crocodile,0.9741,0.79
112,crocodile,0.9557,0.85
113,crocodile,0.97,0.88
114,crocodile,0.9829,0.87
115,crocodile,0.9874,0.75
116,crocodile,0.9911,0.89
117,crocodile,0.9962,0.88
118,crocodile,0.99,0.87
119,crocodile,0.9911,0.79
120,crocodile,0.9962,0.91
121,crocodile,0.9922,0.89
122,crocodile,0.9865,0.87
123,crocodile,0.9852,0.78
124,crocodile,0.9911,0.92
125,crocodile,0.9928,0.82
126,crocodile,0.9938,0.78
127,crocodile,0.9958,0.79
128,crocodile,0.9907,0.87
129,crocodile,0.9952,0.84
130,crocodile,0.9954,0.87
131,crocodile,0.9938,0.78
132,crocodile,0.9953,0.91
133,crocodile,0.9982,0.81
134,crocodile,0.9956,0.86
135,crocodile,0.9951,0.74
136,crocodile,0.9965,0.78
137,crocodile,0.9979,0.84
138,crocodile,0.9988,0.78
139,crocodile,0.9989,0.88
140,crocodile,0.9984,0.86
141,crocodile,0.9989,0.75
142,crocodile,0.9984,0.74
143,crocodile,0.9989,0.81
144,crocodile,0.9998,0.85
145,crocodile,0.9993,0.72
146,crocodile,0.9997,0.91
147,crocodile,0.9998,0.8
148,crocodile,0.9997,0.89
149,crocodile,0.9995,0.76
150,crocodile,0.9996,0.76
151,crocodile,0.9996,0.88
152,crocodile,0.999,0.87
153,crocodile,0.9988,0.87
154,crocodile,0.9995,0.76
155,crocodile,0.9989,0.92
156,crocodile,0.9993,0.9
157,crocodile,0.9989,0.85
158,crocodile,0.9973,0.76
159,crocodile,0.9956,0.89
160,crocodile,0.9889,0.86
161,crocodile,0.9953,0.79
162,crocodile,0.9882,0.88
163,crocodile,0.9472,0.87
164,crocodile,0.98,0.87
165,crocodile,0.9611,0.82
166,crocodile,0.9749,0.8
167,crocodile,0.9775,0.82
168,crocodile,0.9695,0.85
169,crocodile,0.9445,0.84
170,crocodile,0.9769,0.75
171,crocodile,0.9667,0.85
172,crocodile,0.9784,0.86
173,crocodile,0.9843,0.8
174,crocodile,0.9688,0.93
175,crocodile,0.9876,0.86
176,crocodile,0.9763,0.76
177,crocodile,0.984,0.89
178,crocodile,0.9913,0.88
179,crocodile,0.9869,0.84
180,crocodile,0.9889,0.77
181,crocodile,0.9822,0.9
182,crocodile,0.7808,0.87
183,crocodile,0.9465,0.85
184,crocodile,0.9355,0.77
185,crocodile,0.9848,0.93
186,crocodile,0.9354,0.87
187,crocodile,0.9291,0.86
188,crocodile,0.9699,0.71
189,crocodile,0.9891,0.9
190,crocodile,0.9711,0.87
191,crocodile,0.9942,0.87
192,crocodile,0.9898,0.77
193,crocodile,0.9748,0.85
194,crocodile,0.9901,0.89
195,crocodile,0.992,0.79
196,crocodile,0.9952,0.76
197,crocodile,0.9969,0.92
198,crocodile,0.9973,0.78
199,crocodile,0.9973,0.89
200,crocodile,0.9923,0.69
201,crocodile,0.9976,0.93
202,crocodile,0.9962,0.82
203,crocodile,0.9957,0.84
204,crocodile,0.9988,0.87
205,crocodile,0.989,0.74
206,crocodile,0.9978,0.92
207,crocodile,0.9925,0.88
208,crocodile,0.9957,0.82
209,crocodile,0.984,0.78
210,crocodile,0.994,0.89
211,crocodile,0.9983,0.89
212,crocodile,0.9976,0.79
213,crocodile,0.9946,0.87
214,crocodile,0.9981,0.89
215,crocodile,0.9963,0.86
216,crocodile,0.9955,0.8
217,crocodile,0.9919,0.9
218,crocodile,0.9436,0.85
219,crocodile,0.9708,0.87
220,crocodile,0.9478,0.79
221,crocodile,0.9977,0.8
222,crocodile,0.9999,0.87
223,crocodile,0.9988,0.86
224,crocodile,0.9996,0.86
225,crocodile,0.9997,0.8
226,crocodile,0.9998,0.89
227,crocodile,0.9989,0.89
228,crocodile,0.9995,0.87
229,crocodile,0.999,0.85
230,crocodile,0.9995,0.73
231,crocodile,0.9995,0.81
232,crocodile,0.9987,0.9
233,crocodile,0.9984,0.89
234,crocodile,0.9981,0.76
235,crocodile,0.9992,0.9
236,crocodile,0.9989,0.89
237,crocodile,0.999,0.86
238,crocodile,0.9977,0.8
239,crocodile,0.9974,0.87
240,crocodile,0.9985,0.88
241,crocodile,0.9957,0.88
242,crocodile,0.9982,0.77
243,crocodile,0.9984,0.86
244,crocodile,0.9963,0.88
245,crocodile,0.9977,0.87
246,crocodile,0.9953,0.75
247,crocodile,0.9892,0.91
248,crocodile,0.9916,0.88
249,crocodile,0.9877,0.85
250,crocodile,0.9857,0.75
251,crocodile,0.9668,0.92
252,crocodile,0.9912,0.82
253,crocodile,0.9941,0.79
254,crocodile,0.9973,0.92
255,crocodile,0.9989,0.86
256,crocodile,0.9986,0.84
257,crocodile,0.9946,0.68
258,crocodile,0.9784,0.87
259,crocodile,0.9784,0.85
260,crocodile,0.954,0.76
261,crocodile,0.9972,0.88
262,crocodile,0.9775,0.88
263,crocodile,0.9743,0.8
264,crocodile,0.9621,0.86
265,crocodile,0.9718,0.91
266,crocodile,0.9201,0.79
267,crocodile,0.9423,0.9
268,crocodile,0.9507,0.89
269,crocodile,0.9208,0.73
270,crocodile,0.9457,0.9
271,crocodile,0.9595,0.91
272,crocodile,0.9729,0.88
273,crocodile,0.9474,0.71
274,crocodile,0.9743,0.89
275,crocodile,0.9626,0.88
276,crocodile,0.9502,0.82
277,crocodile,0.8669,0.73
278,crocodile,0.8001,0.81
279,crocodile,0.8562,0.87
280,crocodile,0.8806,0.78
281,crocodile,0.7298,0.86
282,crocodile,0.8009,0.74
283,crocodile,0.7228,0.92
284,crocodile,0.8583,0.88
285,crocodile,0.9267,0.85
286,crocodile,0.8821,0.8
287,crocodile,0.8426,0.79
288,crocodile,0.8206,0.89
289,crocodile,0.857,0.88
290,crocodile,0.8569,0.76
291,crocodile,0.9282,0.75
292,crocodile,0.9287,0.9
293,crocodile,0.885,0.88
294,crocodile,0.7887,0.83
295,crocodile,0.8264,0.75
296,crocodile,0.7302,0.89
297,crocodile,0.77,0.88
298,crocodile,0.6557,0.83
299,crocodile,0.6041,0.78
300,non-crocodile,0.9247,0.93
301,non-crocodile,0.9368,0.87
302,non-crocodile,0.9304,0.75
303,non-crocodile,0.9588,0.94
304,non-crocodile,0.9394,0.88
305,non-crocodile,0.8081,0.86
306,non-crocodile,0.8463,0.72
307,non-crocodile,0.8677,0.79
308,non-crocodile,0.8109,0.92
309,non-crocodile,0.8553,0.74
310,non-crocodile,0.8539,0.8
311,non-crocodile,0.8489,0.85
312,non-crocodile,0.8892,0.81
313,non-crocodile,0.7295,0.85
314,non-crocodile,0.8272,0.77
315,non-crocodile,0.88,0.76
316,non-crocodile,0.971,0.9
317,non-crocodile,0.9041,0.77
318,non-crocodile,0.9641,0.86
319,non-crocodile,0.9555,0.75
320,non-crocodile,0.9548,0.92
321,non-crocodile,0.9383,0.86
322,non-crocodile,0.928,0.86
323,non-crocodile,0.9152,0.77
324,non-crocodile,0.9336,0.89
325,non-crocodile,0.9487,0.9
326,non-crocodile,0.9075,0.87
327,non-crocodile,0.9046,0.73
328,non-crocodile,0.9378,0.87
329,non-crocodile,0.937,0.88
330,non-crocodile,0.9384,0.88
331,non-crocodile,0.8836,0.78
332,non-crocodile,0.8919,0.8
333,non-crocodile,0.88,0.88
334,non-crocodile,0.9282,0.88
335,non-crocodile,0.9026,0.78
336,non-crocodile,0.7434,0.88
337,non-crocodile,0.8732,0.75
338,non-crocodile,0.6858,0.9
339,non-crocodile,0.5279,0.78
340,crocodile,0.7853,0.89
341,crocodile,0.9763,0.78
342,crocodile,0.9709,0.88
343,crocodile,0.9838,0.81
344,crocodile,0.9922,0.88
345,crocodile,0.9914,0.75
346,crocodile,0.9926,0.76
347,crocodile,0.9935,0.93
348,crocodile,0.9944,0.92
349,crocodile,0.9955,0.84
350,crocodile,0.9931,0.8
351,crocodile,0.9852,0.89
352,crocodile,0.9723,0.88
353,crocodile,0.9566,0.83
354,crocodile,0.7132,0.76
355,non-crocodile,0.7621,0.9
356,non-crocodile,0.84,0.89
357,non-crocodile,0.722,0.79
358,non-crocodile,0.5128,0.73
359,crocodile,0.6892,0.93
360,crocodile,0.7597,0.86
361,crocodile,0.8626,0.8
362,crocodile,0.9477,0.75
363,crocodile,0.9109,0.9
364,crocodile,0.9566,0.87
365,crocodile,0.8381,0.73
366,crocodile,0.8012,0.94
367,crocodile,0.7544,0.91
368,crocodile,0.7824,0.89
369,crocodile,0.9478,0.78
370,crocodile,0.9476,0.7
371,crocodile,0.9396,0.94
372,crocodile,0.9779,0.9
373,crocodile,0.976,0.87
374,crocodile,0.9574,0.67
375,crocodile,0.9504,0.89
376,crocodile,0.9473,0.91
377,crocodile,0.9619,0.84
378,crocodile,0.9916,0.73
379,crocodile,0.9919,0.9
380,crocodile,0.995,0.81
381,crocodile,0.9944,0.88
382,crocodile,0.999,0.77
383,crocodile,0.9976,0.74
384,crocodile,0.9989,0.92
385,crocodile,0.995,0.86
386,crocodile,0.7746,0.85
387,crocodile,0.7686,0.75
388,crocodile,0.7286,0.87
389,crocodile,0.7037,0.87
390,crocodile,0.5318,0.83
391,non-crocodile,0.5422,0.78
392,crocodile,0.6917,0.76
393,crocodile,0.8057,0.89
394,non-crocodile,0.6921,0.91
395,non-crocodile,0.7009,0.79
396,non-crocodile,0.6445,0.75
397,non-crocodile,0.7177,0.78
398,non-crocodile,0.6772,0.94
399,crocodile,0.5347,0.72
400,crocodile,0.7473,0.9
401,crocodile,0.6839,0.84
402,crocodile,0.7972,0.76
403,crocodile,0.9614,0.85
404,crocodile,0.9732,0.87
405,crocodile,0.9747,0.84
406,crocodile,0.9813,0.78
407,crocodile,0.9961,0.85
408,crocodile,0.9965,0.88
409,crocodile,0.9958,0.84
410,crocodile,0.9928,0.78
411,crocodile,0.9819,0.89
412,crocodile,0.9824,0.84
413,crocodile,0.993,0.74
414,crocodile,0.9926,0.91
415,crocodile,0.9945,0.9
416,crocodile,0.9847,0.82
417,crocodile,0.9822,0.78
418,crocodile,0.988,0.92
419,crocodile,0.9689,0.86
420,crocodile,0.956,0.74
421,crocodile,0.9828,0.92
422,crocodile,0.9799,0.89
423,crocodile,0.992,0.85
424,crocodile,0.9965,0.71
425,crocodile,0.9991,0.94
426,crocodile,0.9988,0.88
427,crocodile,0.9985,0.82
428,crocodile,0.9986,0.71
429,crocodile,0.9996,0.92
430,crocodile,0.9998,0.89
431,crocodile,0.9999,0.77
432,crocodile,0.9996,0.79
433,crocodile,0.9974,0.85
434,crocodile,0.9946,0.84
435,crocodile,0.9834,0.91
436,crocodile,0.8289,0.77
437,crocodile,0.716,0.87
438,non-crocodile,0.6102,0.75
439,non-crocodile,0.5397,0.93
440,non-crocodile,0.6412,0.91
441,crocodile,0.5468,0.78
442,crocodile,0.6846,0.87
443,crocodile,0.7892,0.78
444,crocodile,0.9084,0.92
445,crocodile,0.8589,0.87
446,non-crocodile,0.58,0.76
447,non-crocodile,0.8304,0.77
448,non-crocodile,0.9422,0.9
449,non-crocodile,0.9639,0.91
450,non-crocodile,0.9552,0.8
451,non-crocodile,0.9747,0.79
452,non-crocodile,0.9808,0.91
453,non-crocodile,0.9618,0.89
454,non-crocodile,0.9264,0.85
455,non-crocodile,0.9593,0.78
456,non-crocodile,0.7729,0.94
457,non-crocodile,0.571,0.9
458,crocodile,0.6715,0.84
459,crocodile,0.8759,0.77
460,crocodile,0.7901,0.9
461,crocodile,0.8834,0.83
462,crocodile,0.7092,0.76
463,crocodile,0.9889,0.89
464,crocodile,0.974,0.87
465,crocodile,0.9784,0.75
466,crocodile,0.9788,0.92
467,crocodile,0.9973,0.84
468,crocodile,0.9892,0.87
469,crocodile,0.9924,0.84
470,crocodile,0.9985,0.79
471,crocodile,0.9965,0.86
472,crocodile,0.9913,0.88
473,crocodile,0.9687,0.83
474,crocodile,0.9788,0.77
475,crocodile,0.9972,0.89
476,crocodile,0.9924,0.88
477,crocodile,0.977,0.84
478,crocodile,0.9882,0.77
479,crocodile,0.9977,0.91
480,crocodile,0.9949,0.88
481,crocodile,0.9972,0.87
482,crocodile,0.9933,0.78
483,crocodile,0.9919,0.79
484,crocodile,0.9898,0.85
485,crocodile,0.9504,0.85
486,crocodile,0.8899,0.79
487,crocodile,0.8931,0.75
488,crocodile,0.9089,0.86
489,crocodile,0.8278,0.89
490,crocodile,0.8769,0.83
491,crocodile,0.6737,0.76
492,crocodile,0.9695,0.86
493,crocodile,0.9837,0.78
494,crocodile,0.9841,0.86
495,crocodile,0.9939,0.78
496,crocodile,0.9918,0.87
497,crocodile,0.9938,0.78
498,crocodile,0.9975,0.87
499,crocodile,0.998,0.87
500,crocodile,0.9974,0.73
501,crocodile,0.9981,0.87
502,crocodile,0.9865,0.84
503,crocodile,0.9822,0.84
504,crocodile,0.9773,0.77
505,crocodile,0.9692,0.89
506,crocodile,0.9534,0.86
507,crocodile,0.7806,0.76
508,crocodile,0.7949,0.9
509,crocodile,0.8,0.82
510,crocodile,0.7757,0.88
511,crocodile,0.6925,0.75
512,crocodile,0.861,0.91
513,crocodile,0.8289,0.84
514,crocodile,0.7549,0.88
515,non-crocodile,0.7096,0.79
516,non-crocodile,0.6131,0.87
517,non-crocodile,0.5532,0.85
518,non-crocodile,0.6174,0.85
519,non-crocodile,0.6865,0.79
520,non-crocodile,0.6788,0.93
521,non-crocodile,0.83,0.91
522,non-crocodile,0.8479,0.82
523,non-crocodile,0.7899,0.75
524,non-crocodile,0.7051,0.89
525,non-crocodile,0.7967,0.9
526,non-crocodile,0.9165,0.83
527,non-crocodile,0.9311,0.77
528,non-crocodile,0.8209,0.92
529,non-crocodile,0.9219,0.87
530,non-crocodile,0.8666,0.76
531,non-crocodile,0.9821,0.91
532,non-crocodile,0.9802,0.87
533,non-crocodile,0.9611,0.86
534,non-crocodile,0.8799,0.73
535,non-crocodile,0.928,0.91
536,non-crocodile,0.9493,0.88
537,non-crocodile,0.7186,0.86
538,non-crocodile,0.5946,0.78
539,crocodile,0.6519,0.88
540,crocodile,0.6659,0.88
541,crocodile,0.6936,0.87
542,crocodile,0.941,0.77
543,crocodile,0.9458,0.74
544,crocodile,0.9829,0.87
545,crocodile,0.9941,0.87
546,non-crocodile,0.5585,0.77
547,crocodile,0.5077,0.84
548,crocodile,0.664,0.8
549,crocodile,0.682,0.88
550,crocodile,0.6489,0.8
551,crocodile,0.7063,0.86
552,crocodile,0.7427,0.76
553,crocodile,0.734,0.87
554,crocodile,0.7299,0.89
555,crocodile,0.7556,0.74
556,crocodile,0.7912,0.88
557,crocodile,0.8379,0.86
558,crocodile,0.8711,0.8
559,crocodile,0.8414,0.79
560,crocodile,0.8214,0.76
561,crocodile,0.8,0.9
562,crocodile,0.8287,0.9
563,crocodile,0.8118,0.88
564,crocodile,0.854,0.7
565,crocodile,0.8869,0.8
566,crocodile,0.876,0.91
567,crocodile,0.8616,0.79
568,crocodile,0.8468,0.72
569,crocodile,0.8532,0.91
570,crocodile,0.8346,0.84
571,crocodile,0.8626,0.92
572,crocodile,0.8748,0.75
573,crocodile,0.9086,0.91
574,crocodile,0.9193,0.77
575,crocodile,0.9197,0.93
576,crocodile,0.9358,0.8
577,crocodile,0.9493,0.91
578,crocodile,0.9582,0.8
579,crocodile,0.9732,0.88
580,crocodile,0.9599,0.78
581,crocodile,0.9432,0.88
582,crocodile,0.941,0.77
583,crocodile,0.9491,0.87
584,crocodile,0.9446,0.77
585,crocodile,0.9718,0.88
586,crocodile,0.9741,0.89
587,crocodile,0.962,0.87
588,crocodile,0.9697,0.84
589,crocodile,0.9837,0.72
590,crocodile,0.9863,0.91
591,crocodile,0.9847,0.88
592,crocodile,0.9742,0.85
593,crocodile,0.9837,0.69
594,crocodile,0.9797,0.93
595,crocodile,0.9788,0.87
596,crocodile,0.9805,0.86
597,crocodile,0.976,0.8
598,crocodile,0.974,0.83
599,crocodile,0.9738,0.8
600,crocodile,0.9639,0.75
601,crocodile,0.9696,0.89
602,crocodile,0.9688,0.84
603,crocodile,0.9693,0.77
604,crocodile,0.9696,0.88
605,crocodile,0.9492,0.77
606,crocodile,0.9417,0.83
607,crocodile,0.9205,0.82
608,crocodile,0.9153,0.9
609,crocodile,0.869,0.79
610,crocodile,0.8825,0.86
611,crocodile,0.9082,0.77
612,crocodile,0.8638,0.92
613,crocodile,0.9394,0.9
614,crocodile,0.9503,0.79
615,crocodile,0.9451,0.92
616,crocodile,0.9473,0.78
617,crocodile,0.9509,0.92
618,crocodile,0.9625,0.81
619,crocodile,0.9475,0.8
620,crocodile,0.9326,0.77
621,crocodile,0.9417,0.89
622,crocodile,0.9203,0.9
623,crocodile,0.9354,0.72
624,crocodile,0.9367,0.79
625,crocodile,0.9669,0.89
626,crocodile,0.8989,0.85
627,crocodile,0.9312,0.75
628,crocodile,0.886,0.81
629,crocodile,0.9092,0.91
630,crocodile,0.9162,0.86
631,crocodile,0.9282,0.84
632,crocodile,0.8911,0.76
633,crocodile,0.8716,0.93
634,crocodile,0.8858,0.86
635,crocodile,0.8666,0.76
636,crocodile,0.768,0.91
637,crocodile,0.8542,0.91
638,crocodile,0.9189,0.87
639,crocodile,0.9184,0.77
640,crocodile,0.9245,0.76
641,crocodile,0.9288,0.91
642,crocodile,0.9115,0.89
643,crocodile,0.9513,0.86
644,crocodile,0.9703,0.73
645,crocodile,0.9752,0.86
646,crocodile,0.9754,0.9
647,crocodile,0.9751,0.87
648,crocodile,0.9782,0.74
649,crocodile,0.9897,0.91
650,crocodile,0.9915,0.87
651,crocodile,0.9813,0.86
652,crocodile,0.9903,0.78
653,crocodile,0.9928,0.85
654,crocodile,0.9935,0.85
655,crocodile,0.994,0.86
656,crocodile,0.9954,0.78
657,crocodile,0.996,0.77
658,crocodile,0.9967,0.82
659,crocodile,0.9941,0.75
660,crocodile,0.9958,0.79
661,crocodile,0.9964,0.81
662,crocodile,0.993,0.86
663,crocodile,0.9842,0.82
664,crocodile,0.9794,0.74
665,crocodile,0.9811,0.87
666,crocodile,0.9501,0.87
667,crocodile,0.9511,0.85
668,crocodile,0.9646,0.77
669,crocodile,0.9597,0.84
670,non-crocodile,0.7709,0.91
671,crocodile,0.6789,0.74
672,crocodile,0.8715,0.77
673,crocodile,0.938,0.86
674,non-crocodile,0.7822,0.77
675,crocodile,0.5814,0.85
676,non-crocodile,0.7396,0.8
677,non-crocodile,0.6669,0.9
678,non-crocodile,0.903,0.85
679,non-crocodile,0.6112,0.85
680,crocodile,0.7495,0.79
681,crocodile,0.7719,0.91
682,crocodile,0.9431,0.82
683,crocodile,0.9533,0.85
684,crocodile,0.9353,0.77
685,crocodile,0.9416,0.89
686,crocodile,0.967,0.83
687,crocodile,0.9773,0.83
688,crocodile,0.9631,0.76
689,crocodile,0.9509,0.87
690,crocodile,0.9688,0.83
691,crocodile,0.9664,0.76
692,crocodile,0.9603,0.89
693,crocodile,0.9696,0.86
694,crocodile,0.9492,0.72
695,crocodile,0.9608,0.78
696,crocodile,0.9493,0.91
697,crocodile,0.9302,0.82
698,crocodile,0.9407,0.84
699,crocodile,0.946,0.75
700,crocodile,0.9306,0.88
701,crocodile,0.9394,0.75
702,crocodile,0.9022,0.85
703,crocodile,0.9107,0.85
704,crocodile,0.9155,0.85
705,crocodile,0.8871,0.68
706,crocodile,0.9286,0.89
707,crocodile,0.857,0.81
708,crocodile,0.8845,0.61
709,crocodile,0.8498,0.8
710,crocodile,0.8841,0.78
711,crocodile,0.8667,0.83
712,crocodile,0.8459,0.77
713,crocodile,0.905,0.91
714,crocodile,0.8991,0.74
715,crocodile,0.9286,0.82
716,crocodile,0.7126,0.77
717,crocodile,0.8105,0.87
718,crocodile,0.8322,0.88
719,crocodile,0.7827,0.77
720,crocodile,0.7093,0.75
721,non-crocodile,0.75,0.88
722,crocodile,0.9625,0.88
723,crocodile,0.9622,0.78
724,crocodile,0.9695,0.75
725,non-crocodile,0.8551,0.87
726,non-crocodile,0.7995,0.79
727,non-crocodile,0.8457,0.81
728,non-crocodile,0.8338,0.75
729,non-crocodile,0.7963,0.87
730,non-crocodile,0.7831,0.82
731,non-crocodile,0.8017,0.77
732,non-crocodile,0.8042,0.9
733,non-crocodile,0.8201,0.86
734,non-crocodile,0.8089,0.86
735,non-crocodile,0.8113,0.74
736,non-crocodile,0.7528,0.87
737,non-crocodile,0.8014,0.85
738,non-crocodile,0.7352,0.76
739,non-crocodile,0.8129,0.88
740,non-crocodile,0.8484,0.88
741,non-crocodile,0.8556,0.83
742,non-crocodile,0.8773,0.77
743,non-crocodile,0.8934,0.9
744,non-crocodile,0.8519,0.8
745,non-crocodile,0.8702,0.84
746,non-crocodile,0.884,0.75
747,non-crocodile,0.7749,0.87
748,non-crocodile,0.7141,0.73
749,non-crocodile,0.8713,0.89
750,non-crocodile,0.899,0.78
751,non-crocodile,0.8876,0.76
752,non-crocodile,0.9107,0.82
753,non-crocodile,0.8502,0.83
754,non-crocodile,0.7237,0.87
755,non-crocodile,0.7697,0.75
756,crocodile,0.5134,0.87
757,crocodile,0.5699,0.87
758,crocodile,0.8046,0.82
759,crocodile,0.7728,0.74
760,crocodile,0.7423,0.86
761,crocodile,0.7808,0.78
762,crocodile,0.8059,0.93
763,crocodile,0.836,0.77
764,crocodile,0.8354,0.88
765,crocodile,0.8193,0.78
766,crocodile,0.8712,0.86
767,crocodile,0.7873,0.73
768,crocodile,0.7967,0.85
769,crocodile,0.8538,0.89
770,crocodile,0.8891,0.74
771,crocodile,0.8411,0.75
772,crocodile,0.8431,0.87
773,crocodile,0.8436,0.84
774,crocodile,0.851,0.85
775,crocodile,0.8515,0.78
776,crocodile,0.8688,0.77
777,crocodile,0.8165,0.84
778,crocodile,0.845,0.82
779,crocodile,0.7833,0.9
780,crocodile,0.8172,0.82
781,crocodile,0.8194,0.87
782,crocodile,0.7994,0.79
783,crocodile,0.7648,0.9
784,crocodile,0.8323,0.79
785,crocodile,0.7744,0.87
786,crocodile,0.7317,0.78
787,crocodile,0.6756,0.84
788,crocodile,0.7073,0.74
789,crocodile,0.7523,0.83
790,crocodile,0.7367,0.9
791,crocodile,0.6949,0.85
792,crocodile,0.6803,0.77
793,crocodile,0.596,0.85
794,crocodile,0.7092,0.83
795,crocodile,0.6206,0.77
796,crocodile,0.5478,0.93
797,crocodile,0.644,0.88
798,crocodile,0.6413,0.74
799,crocodile,0.604,0.86
800,crocodile,0.6316,0.9
801,crocodile,0.6659,0.82
802,crocodile,0.7273,0.74
803,crocodile,0.7143,0.89
804,crocodile,0.8212,0.87
805,crocodile,0.7951,0.77
806,crocodile,0.6912,0.72
807,crocodile,0.7424,0.87
808,crocodile,0.7695,0.87
809,crocodile,0.7856,0.74
810,crocodile,0.7515,0.78
811,crocodile,0.7862,0.88
812,crocodile,0.7331,0.85
813,crocodile,0.5861,0.84
814,crocodile,0.5881,0.74
815,crocodile,0.631,0.89
816,crocodile,0.7168,0.86
817,crocodile,0.7138,0.85
818,crocodile,0.6893,0.77
819,crocodile,0.5653,0.9
820,crocodile,0.5896,0.87
821,crocodile,0.8176,0.84
822,crocodile,0.862,0.76
823,crocodile,0.8484,0.88
824,crocodile,0.8578,0.86
825,crocodile,0.8165,0.69
826,crocodile,0.766,0.86
827,crocodile,0.8256,0.79
828,crocodile,0.7483,0.73
829,crocodile,0.7091,0.89
830,crocodile,0.6772,0.88
831,crocodile,0.8469,0.81
832,crocodile,0.7486,0.75
833,crocodile,0.8049,0.89
834,crocodile,0.686,0.87
835,crocodile,0.7743,0.72
836,crocodile,0.8369,0.76
837,crocodile,0.8831,0.89
838,crocodile,0.8714,0.78
839,crocodile,0.8812,0.9
840,crocodile,0.8629,0.77
841,crocodile,0.6779,0.92
842,crocodile,0.7195,0.78
843,crocodile,0.6885,0.88
844,crocodile,0.6622,0.8
845,crocodile,0.6713,0.89
846,crocodile,0.7133,0.77
847,crocodile,0.6831,0.88
848,crocodile,0.6652,0.74
849,crocodile,0.6573,0.74
850,crocodile,0.6943,0.7
851,crocodile,0.6815,0.8
852,crocodile,0.6165,0.76
853,crocodile,0.6415,0.69
854,crocodile,0.6418,0.67
855,crocodile,0.6008,0.73
856,crocodile,0.539,0.68
857,crocodile,0.6013,0.78
858,crocodile,0.5691,0.7
859,crocodile,0.6242,0.77
860,crocodile,0.6395,0.75
861,crocodile,0.6315,0.75
862,crocodile,0.6607,0.66
863,crocodile,0.5797,0.67
864,crocodile,0.5469,0.78
865,crocodile,0.5875,0.69
866,crocodile,0.6809,0.75
867,crocodile,0.7122,0.74
868,crocodile,0.6521,0.64
869,crocodile,0.6296,0.78
870,crocodile,0.6796,0.72
871,crocodile,0.6628,0.69
872,crocodile,0.6653,0.76
873,crocodile,0.6945,0.78
874,crocodile,0.6751,0.66
875,crocodile,0.6788,0.71
876,crocodile,0.6866,0.78
877,crocodile,0.7016,0.7
878,crocodile,0.703,0.8
879,crocodile,0.6695,0.76
880,crocodile,0.7087,0.66
881,crocodile,0.6771,0.78
882,crocodile,0.7192,0.75
883,crocodile,0.7124,0.76
884,crocodile,0.7078,0.67
885,crocodile,0.6604,0.68
886,crocodile,0.6699,0.77
887,crocodile,0.6433,0.68
888,crocodile,0.6481,0.75
889,crocodile,0.6423,0.77
890,crocodile,0.6411,0.7
891,crocodile,0.6472,0.79
892,crocodile,0.6035,0.73
893,crocodile,0.6166,0.69
894,crocodile,0.6191,0.81
895,crocodile,0.6207,0.72
896,crocodile,0.6422,0.72
897,crocodile,0.6508,0.68
898,crocodile,0.6137,0.77
899,crocodile,0.6296,0.77
900,crocodile,0.6529,0.68
901,crocodile,0.6079,0.78
902,crocodile,0.6833,0.79
903,crocodile,0.6094,0.72
904,crocodile,0.6187,0.67
905,non-crocodile,0.6157,0.68
906,non-crocodile,0.5813,0.82
907,crocodile,0.5488,0.7
908,non-crocodile,0.5038,0.76
909,non-crocodile,0.5528,0.77
910,non-crocodile,0.5012,0.68
911,crocodile,0.6189,0.79
912,crocodile,0.6294,0.75
913,crocodile,0.6207,0.75
914,crocodile,0.663,0.7
915,crocodile,0.5691,0.78
916,crocodile,0.5413,0.76
917,crocodile,0.5706,0.74
918,crocodile,0.5902,0.7
919,crocodile,0.5578,0.74
920,crocodile,0.5584,0.9
921,crocodile,0.554,0.77
922,non-crocodile,0.9671,0.9
923,non-crocodile,0.9895,0.8
924,non-crocodile,0.993,0.9
925,non-crocodile,0.9957,0.8
926,non-crocodile,0.9966,0.91
927,non-crocodile,0.9835,0.8
928,non-crocodile,0.9886,0.88
929,non-crocodile,0.992,0.79
930,non-crocodile,0.9789,0.92
931,non-crocodile,0.9909,0.73
932,non-crocodile,0.9717,0.9
933,non-crocodile,0.9913,0.82
934,non-crocodile,0.9546,0.73
935,non-crocodile,0.9921,0.84
936,non-crocodile,0.9902,0.86
937,non-crocodile,0.9815,0.85
938,non-crocodile,0.9795,0.73
939,non-crocodile,0.9856,0.81
940,non-crocodile,0.9843,0.87
941,non-crocodile,0.9881,0.86
942,non-crocodile,0.9953,0.72
943,non-crocodile,0.9919,0.82
944,non-crocodile,0.997,0.77
945,non-crocodile,0.9996,0.9
946,non-crocodile,0.9988,0.85
947,non-crocodile,0.9957,0.83
948,non-crocodile,0.9863,0.74
949,non-crocodile,0.9963,0.9
950,non-crocodile,0.9848,0.85
951,non-crocodile,0.9758,0.83
952,non-crocodile,0.9767,0.74
953,non-crocodile,0.7905,0.9
954,non-crocodile,0.878,0.87
955,non-crocodile,0.6995,0.84
956,crocodile,0.8373,0.71
957,crocodile,0.9128,0.88
958,crocodile,0.9477,0.88
959,crocodile,0.9891,0.77
960,crocodile,0.9888,0.74
961,crocodile,0.9977,0.91
962,crocodile,0.9865,0.89
963,crocodile,0.9817,0.76
964,crocodile,0.9133,0.76
965,crocodile,0.7588,0.87
966,non-crocodile,0.6038,0.85
967,non-crocodile,0.569,0.86
968,non-crocodile,0.5855,0.74
969,non-crocodile,0.6463,0.89
970,non-crocodile,0.8058,0.77
971,non-crocodile,0.7359,0.91
972,non-crocodile,0.6246,0.84
973,crocodile,0.682,0.84
974,crocodile,0.7698,0.82
975,crocodile,0.6819,0.92
976,crocodile,0.6768,0.87
977,crocodile,0.8492,0.73
978,crocodile,0.937,0.91
979,crocodile,0.9285,0.86
980,crocodile,0.9625,0.85
981,crocodile,0.9786,0.74
982,crocodile,0.9855,0.9
983,crocodile,0.9653,0.88
984,crocodile,0.9875,0.86
985,crocodile,0.9747,0.77
986,crocodile,0.9929,0.82
987,crocodile,0.986,0.77
988,crocodile,0.994,0.92
989,crocodile,0.9944,0.77
990,crocodile,0.9946,0.88
991,crocodile,0.9885,0.73
992,crocodile,0.9931,0.9
993,crocodile,0.9896,0.77
994,crocodile,0.9942,0.87
995,crocodile,0.9936,0.88
996,crocodile,0.9957,0.84
997,crocodile,0.9961,0.76
998,crocodile,0.9971,0.86
999,crocodile,0.9963,0.83
1000,crocodile,0.9967,0.75
1001,crocodile,0.9945,0.88
1002,crocodile,0.9963,0.78
1003,crocodile,0.997,0.75
1004,crocodile,0.9958,0.91
1005,crocodile,0.9953,0.76
1006,crocodile,0.9885,0.87
1007,crocodile,0.9927,0.77
1008,crocodile,0.9912,0.89
1009,crocodile,0.987,0.88
1010,crocodile,0.9897,0.72
1011,crocodile,0.9915,0.83
1012,crocodile,0.9961,0.83
1013,crocodile,0.9959,0.87
1014,crocodile,0.9954,0.69
1015,crocodile,0.996,0.88
1016,crocodile,0.9974,0.84
1017,crocodile,0.9965,0.85
1018,crocodile,0.9964,0.72
1019,crocodile,0.9955,0.8
1020,crocodile,0.9941,0.87
1021,crocodile,0.9914,0.77
1022,crocodile,0.9941,0.9
1023,crocodile,0.9942,0.87
1024,crocodile,0.9961,0.83
1025,crocodile,0.9967,0.75
1026,crocodile,0.996,0.88
1027,crocodile,0.9963,0.85
1028,crocodile,0.9966,0.86
1029,crocodile,0.9956,0.78
1030,crocodile,0.9945,0.88
1031,crocodile,0.9939,0.8
1032,crocodile,0.996,0.82
1033,crocodile,0.9967,0.77
1034,crocodile,0.9965,0.89
1035,crocodile,0.9967,0.82
1036,crocodile,0.9969,0.82
1037,crocodile,0.9958,0.79
1038,crocodile,0.9955,0.88
1039,crocodile,0.9962,0.82
1040,crocodile,0.9959,0.74
1041,crocodile,0.9966,0.78
1042,crocodile,0.9966,0.89
1043,crocodile,0.9959,0.7
1044,crocodile,0.9961,0.88
1045,crocodile,0.9973,0.78
1046,crocodile,0.9965,0.87
1047,crocodile,0.9972,0.82
1048,crocodile,0.994,0.86
1049,crocodile,0.9916,0.72
1050,crocodile,0.9926,0.87
1051,crocodile,0.9968,0.82
1052,crocodile,0.9968,0.86
1053,crocodile,0.9937,0.77
1054,crocodile,0.9951,0.87
1055,crocodile,0.9957,0.75
1056,crocodile,0.9943,0.76
1057,crocodile,0.994,0.92
1058,crocodile,0.9936,0.8
1059,crocodile,0.9931,0.9
1060,crocodile,0.9923,0.73
1061,crocodile,0.9925,0.88
1062,crocodile,0.9964,0.85
1063,crocodile,0.9943,0.76
1064,crocodile,0.9915,0.82
1065,crocodile,0.9888,0.87
1066,crocodile,0.989,0.8
1067,crocodile,0.9862,0.76
1068,crocodile,0.9845,0.89
1069,crocodile,0.9856,0.86
1070,crocodile,0.9851,0.84
1071,crocodile,0.9849,0.77
1072,crocodile,0.9876,0.86
1073,crocodile,0.983,0.85
1074,crocodile,0.9838,0.83
1075,crocodile,0.9851,0.77
1076,crocodile,0.9838,0.87
1077,crocodile,0.9814,0.76
1078,crocodile,0.9836,0.91
1079,crocodile,0.9854,0.76
1080,crocodile,0.9837,0.87
1081,crocodile,0.9825,0.78
1082,crocodile,0.9787,0.88
1083,crocodile,0.9804,0.77
1084,crocodile,0.9865,0.9
1085,crocodile,0.9832,0.87
1086,crocodile,0.984,0.83
1087,crocodile,0.9842,0.76
1088,crocodile,0.985,0.86
1089,crocodile,0.9852,0.84
1090,crocodile,0.9961,0.86
1091,crocodile,0.9937,0.78
1092,crocodile,0.96,0.94
1093,crocodile,0.9849,0.85
1094,crocodile,0.9843,0.79
1095,crocodile,0.9817,0.75
1096,crocodile,0.9992,0.9
1097,crocodile,0.9993,0.88
1098,crocodile,0.999,0.75
1099,crocodile,0.9989,0.88
1100,crocodile,0.999,0.81
1101,crocodile,0.9988,0.79
1102,crocodile,0.9987,0.75
1103,crocodile,0.9988,0.88
1104,crocodile,0.9989,0.8
1105,crocodile,0.9989,0.92
1106,crocodile,0.9989,0.74
1107,crocodile,0.9989,0.93
1108,crocodile,0.9989,0.8
1109,crocodile,0.999,0.89
1110,crocodile,0.9991,0.73
1111,crocodile,0.999,0.9
1112,crocodile,0.999,0.88
1113,crocodile,0.999,0.77
1114,crocodile,0.9989,0.74
1115,crocodile,0.999,0.89
1116,crocodile,0.9989,0.86
1117,crocodile,0.9989,0.83
1118,crocodile,0.9988,0.74
1119,crocodile,0.9988,0.88
1120,crocodile,0.9988,0.87
1121,crocodile,0.9988,0.76
1122,crocodile,0.9989,0.89
1123,crocodile,0.9989,0.84
1124,crocodile,0.9989,0.86
1125,crocodile,0.999,0.77
1126,crocodile,0.9989,0.85
1127,crocodile,0.9989,0.83
1128,crocodile,0.9989,0.84
1129,crocodile,0.9989,0.78
1130,crocodile,0.9988,0.87
1131,crocodile,0.9987,0.74
1132,crocodile,0.9987,0.91
1133,crocodile,0.9987,0.78
1134,crocodile,0.9987,0.75
1135,crocodile,0.9987,0.73
1136,crocodile,0.9987,0.91
1137,crocodile,0.9988,0.76
1138,crocodile,0.9988,0.92
1139,crocodile,0.9988,0.83
1140,crocodile,0.9989,0.78
1141,crocodile,0.9987,0.93
1142,crocodile,0.9987,0.86
1143,crocodile,0.9988,0.8
1144,crocodile,0.9988,0.78
1145,crocodile,0.9988,0.92
1146,crocodile,0.9988,0.84
1147,crocodile,0.9987,0.77
1148,crocodile,0.9987,0.86
1149,crocodile,0.9987,0.85
1150,crocodile,0.9988,0.76
1151,crocodile,0.9986,0.74
1152,crocodile,0.9987,0.79
1153,crocodile,0.9987,0.81
1154,crocodile,0.9987,0.85
1155,crocodile,0.9987,0.82
1156,crocodile,0.9989,0.75
1157,crocodile,0.999,0.9
1158,crocodile,0.999,0.85
1159,crocodile,0.999,0.83
1160,crocodile,0.999,0.72
1161,crocodile,0.9991,0.9
1162,crocodile,0.999,0.83
1163,crocodile,0.9991,0.74
1164,crocodile,0.999,0.86
1165,crocodile,0.9991,0.76
1166,crocodile,0.999,0.89
1167,crocodile,0.9989,0.89
1168,crocodile,0.9989,0.73
1169,crocodile,0.9988,0.88
1170,crocodile,0.9989,0.87
1171,crocodile,0.9991,0.82
1172,crocodile,0.9992,0.81
1173,crocodile,0.9992,0.89
1174,crocodile,0.9992,0.86
1175,crocodile,0.9992,0.79
1176,crocodile,0.9991,0.86
1177,crocodile,0.999,0.81
1178,crocodile,0.9989,0.81
1179,crocodile,0.9988,0.76
1180,crocodile,0.9988,0.92
1181,crocodile,0.9988,0.79
1182,crocodile,0.9988,0.82
1183,crocodile,0.9988,0.78
1184,crocodile,0.9988,0.88
1185,crocodile,0.9988,0.73
1186,crocodile,0.9989,0.83
1187,crocodile,0.9988,0.85
1188,crocodile,0.9989,0.73
1189,crocodile,0.999,0.85
1190,crocodile,0.999,0.78
1191,crocodile,0.999,0.88
1192,crocodile,0.999,0.87
1193,crocodile,0.999,0.85
1194,crocodile,0.999,0.76
1195,crocodile,0.999,0.86
1196,crocodile,0.999,0.81
1197,crocodile,0.9992,0.76
1198,crocodile,0.9991,0.88
1199,crocodile,0.9991,0.84
1200,crocodile,0.999,0.77
1201,crocodile,0.999,0.74
1202,crocodile,0.999,0.86
1203,crocodile,0.999,0.75
1204,crocodile,0.999,0.88
1205,crocodile,0.999,0.86
1206,crocodile,0.9991,0.76
1207,crocodile,0.9991,0.71
1208,crocodile,0.9992,0.89
1209,crocodile,0.9992,0.85
1210,crocodile,0.9991,0.81
1211,crocodile,0.9992,0.76
1212,crocodile,0.9992,0.9
1213,crocodile,0.9992,0.8
1214,crocodile,0.9992,0.89
1215,non-crocodile,0.738,0.75
1216,non-crocodile,0.6937,0.88
1217,non-crocodile,0.674,0.74
1218,non-crocodile,0.7842,0.9
1219,non-crocodile,0.6983,0.83
1220,non-crocodile,0.8088,0.77
1221,non-crocodile,0.8115,0.91
1222,non-crocodile,0.8717,0.9
1223,non-crocodile,0.9193,0.85
1224,non-crocodile,0.9341,0.79
1225,non-crocodile,0.8364,0.79
1226,non-crocodile,0.8662,0.89
1227,non-crocodile,0.8584,0.77
1228,non-crocodile,0.8738,0.85
1229,non-crocodile,0.8588,0.74
1230,non-crocodile,0.8574,0.91
1231,non-crocodile,0.8725,0.8
1232,non-crocodile,0.8705,0.83
1233,non-crocodile,0.8596,0.76
1234,non-crocodile,0.8674,0.9
1235,non-crocodile,0.8659,0.7
1236,non-crocodile,0.8656,0.9
1237,non-crocodile,0.8686,0.86
1238,non-crocodile,0.8697,0.77
1239,non-crocodile,0.8511,0.87
1240,non-crocodile,0.8537,0.79
1241,non-crocodile,0.854,0.77
1242,non-crocodile,0.8509,0.77
1243,non-crocodile,0.8513,0.87
1244,non-crocodile,0.8513,0.86
1245,non-crocodile,0.8328,0.86
1246,non-crocodile,0.8459,0.76
1247,non-crocodile,0.8527,0.87
1248,non-crocodile,0.8427,0.89
1249,non-crocodile,0.8726,0.84
1250,non-crocodile,0.8201,0.75
1251,non-crocodile,0.8452,0.85
1252,non-crocodile,0.8572,0.85
1253,non-crocodile,0.842,0.73
1254,non-crocodile,0.8478,0.89
1255,non-crocodile,0.8464,0.8
1256,non-crocodile,0.8316,0.78
1257,non-crocodile,0.8638,0.72
1258,non-crocodile,0.9732,0.92
1259,non-crocodile,0.9738,0.87
1260,non-crocodile,0.97,0.8
1261,non-crocodile,0.9747,0.76
1262,non-crocodile,0.9793,0.91
1263,non-crocodile,0.9816,0.86
1264,non-crocodile,0.9715,0.77
1265,non-crocodile,0.9697,0.75
1266,non-crocodile,0.975,0.81
1267,non-crocodile,0.9621,0.89
1268,non-crocodile,0.9657,0.75
1269,non-crocodile,0.9779,0.87
1270,non-crocodile,0.9802,0.75
1271,non-crocodile,0.9732,0.87
1272,non-crocodile,0.9788,0.85
1273,non-crocodile,0.9717,0.83
1274,non-crocodile,0.9881,0.78
1275,non-crocodile,0.9849,0.77
1276,non-crocodile,0.9807,0.86
1277,non-crocodile,0.9435,0.86
1278,non-crocodile,0.9774,0.87
1279,non-crocodile,0.9727,0.73
1280,non-crocodile,0.9668,0.88
1281,non-crocodile,0.9691,0.8
1282,non-crocodile,0.958,0.86
1283,non-crocodile,0.9641,0.75
1284,non-crocodile,0.9697,0.87
1285,non-crocodile,0.9755,0.77
1286,non-crocodile,0.9674,0.87
1287,non-crocodile,0.9534,0.74
1288,non-crocodile,0.9499,0.9
1289,non-crocodile,0.936,0.82
1290,non-crocodile,0.9576,0.82
1291,non-crocodile,0.9278,0.75
1292,non-crocodile,0.9351,0.78
1293,non-crocodile,0.966,0.86
1294,non-crocodile,0.9802,0.87
1295,non-crocodile,0.9928,0.84
1296,non-crocodile,0.9753,0.75
1297,non-crocodile,0.974,0.81
1298,non-crocodile,0.9635,0.77
1299,non-crocodile,0.9326,0.76
1300,non-crocodile,0.9447,0.88
1301,non-crocodile,0.9704,0.78
1302,non-crocodile,0.9529,0.85
1303,non-crocodile,0.9279,0.73
1304,non-crocodile,0.9323,0.85
1305,non-crocodile,0.9379,0.82
1306,non-crocodile,0.9387,0.78
1307,non-crocodile,0.9418,0.91
1308,non-crocodile,0.9112,0.76
1309,non-crocodile,0.9051,0.87
1310,non-crocodile,0.8876,0.73
1311,non-crocodile,0.8704,0.82
1312,non-crocodile,0.9025,0.76
1313,non-crocodile,0.9384,0.77
1314,non-crocodile,0.9493,0.87
1315,non-crocodile,0.906,0.89
1316,non-crocodile,0.9497,0.8
1317,non-crocodile,0.9422,0.84
1318,non-crocodile,0.9703,0.87
1319,non-crocodile,0.9637,0.74
1320,non-crocodile,0.9614,0.79
1321,non-crocodile,0.9707,0.91
1322,non-crocodile,0.9776,0.75
1323,non-crocodile,0.9601,0.88
1324,non-crocodile,0.9441,0.77
1325,non-crocodile,0.8299,0.88
1326,non-crocodile,0.8666,0.84
1327,non-crocodile,0.9302,0.87
1328,non-crocodile,0.8969,0.78
1329,non-crocodile,0.9192,0.87
1330,non-crocodile,0.7615,0.81
1331,non-crocodile,0.8831,0.89
1332,non-crocodile,0.8195,0.78
1333,non-crocodile,0.7133,0.75
1334,non-crocodile,0.7995,0.81
1335,non-crocodile,0.8504,0.84
1336,non-crocodile,0.8626,0.86
1337,non-crocodile,0.8321,0.71
1338,non-crocodile,0.9785,0.85
1339,non-crocodile,0.9792,0.74
1340,non-crocodile,0.8684,0.89
1341,non-crocodile,0.9551,0.83
1342,non-crocodile,0.9611,0.82
1343,non-crocodile,0.9394,0.77
1344,non-crocodile,0.9208,0.86
1345,non-crocodile,0.832,0.87
1346,non-crocodile,0.7595,0.74
1347,non-crocodile,0.8639,0.88
1348,non-crocodile,0.923,0.86
1349,non-crocodile,0.8601,0.83
1350,non-crocodile,0.9098,0.74
1351,non-crocodile,0.9944,0.83
1352,non-crocodile,0.9902,0.74
1353,non-crocodile,0.9982,0.84
1354,non-crocodile,0.9883,0.76
1355,non-crocodile,0.973,0.9
1356,non-crocodile,0.9841,0.86
1357,non-crocodile,0.9721,0.88
1358,non-crocodile,0.9638,0.75
1359,non-crocodile,0.9788,0.86
1360,non-crocodile,0.9843,0.88
1361,non-crocodile,0.9836,0.83
1362,non-crocodile,0.9421,0.75
1363,non-crocodile,0.9648,0.83
1364,non-crocodile,0.9392,0.82
1365,non-crocodile,0.67,0.76
1366,non-crocodile,0.9685,0.81
1367,non-crocodile,0.891,0.75
1368,non-crocodile,0.8879,0.87
1369,non-crocodile,0.8458,0.67
1370,non-crocodile,0.7688,0.88
1371,non-crocodile,0.8935,0.81
1372,non-crocodile,0.8094,0.88
1373,non-crocodile,0.8925,0.75
1374,non-crocodile,0.9582,0.75
1375,non-crocodile,0.9582,0.85
1376,non-crocodile,0.8991,0.76
1377,non-crocodile,0.8935,0.9
1378,non-crocodile,0.6652,0.85
1379,non-crocodile,0.5989,0.84
1380,non-crocodile,0.6311,0.8
1381,crocodile,0.5324,0.86
1382,crocodile,0.7898,0.86
1383,crocodile,0.7506,0.83
1384,non-crocodile,0.5113,0.79
1385,crocodile,0.6621,0.89
1386,crocodile,0.6236,0.85
1387,crocodile,0.522,0.74
1388,non-crocodile,0.524,0.82
1389,non-crocodile,0.612,0.84
1390,non-crocodile,0.5787,0.77
1391,non-crocodile,0.5779,0.88
1392,crocodile,0.8552,0.7
1393,crocodile,0.7334,0.88
1394,crocodile,0.7562,0.76
1395,crocodile,0.8404,0.92
1396,crocodile,0.6539,0.85
1397,crocodile,0.502,0.87
1398,crocodile,0.6904,0.71
1399,non-crocodile,0.6652,0.87
1400,non-crocodile,0.6315,0.81
1401,non-crocodile,0.7226,0.78
1402,non-crocodile,0.8231,0.77
1403,non-crocodile,0.7146,0.91
1404,non-crocodile,0.8867,0.82
1405,non-crocodile,0.8864,0.77
1406,non-crocodile,0.8065,0.76
1407,non-crocodile,0.7225,0.88
1408,non-crocodile,0.6533,0.77
1409,crocodile,0.638,0.9
1410,crocodile,0.7722,0.88
1411,crocodile,0.7832,0.75
1412,crocodile,0.8012,0.8
1413,crocodile,0.8479,0.89
1414,crocodile,0.8927,0.84
1415,crocodile,0.7427,0.77
1416,crocodile,0.8058,0.9
1417,crocodile,0.7519,0.81
1418,crocodile,0.9144,0.8
1419,crocodile,0.8433,0.74
1420,crocodile,0.9334,0.82
1421,crocodile,0.8188,0.82
1422,crocodile,0.7821,0.85
1423,crocodile,0.625,0.77
1424,crocodile,0.62,0.91
1425,non-crocodile,0.624,0.74
1426,crocodile,0.5802,0.91
1427,crocodile,0.7144,0.74
1428,crocodile,0.8544,0.88
1429,crocodile,0.7155,0.72
1430,crocodile,0.8226,0.91
1431,crocodile,0.7392,0.88
1432,crocodile,0.8211,0.84
1433,crocodile,0.8584,0.75
1434,crocodile,0.8537,0.88
1435,crocodile,0.8293,0.86
1436,crocodile,0.7182,0.74
1437,crocodile,0.5557,0.84
1438,crocodile,0.5103,0.8
1439,crocodile,0.5482,0.84
1440,crocodile,0.6092,0.76
1441,crocodile,0.702,0.9
1442,crocodile,0.7144,0.78
1443,crocodile,0.5413,0.91
1444,crocodile,0.7871,0.77
1445,crocodile,0.6465,0.87
1446,crocodile,0.8286,0.71
1447,crocodile,0.5661,0.9
1448,crocodile,0.7939,0.85
1449,crocodile,0.8409,0.82
1450,non-crocodile,0.8364,0.7
1451,non-crocodile,0.7568,0.8
1452,non-crocodile,0.82,0.82
1453,non-crocodile,0.9077,0.77
1454,non-crocodile,0.894,0.85
1455,non-crocodile,0.9246,0.77
1456,non-crocodile,0.923,0.89
1457,non-crocodile,0.9495,0.86
1458,non-crocodile,0.954,0.71
1459,non-crocodile,0.9214,0.87
1460,non-crocodile,0.9396,0.87
1461,non-crocodile,0.9623,0.84
1462,non-crocodile,0.9375,0.72
1463,non-crocodile,0.9485,0.86
1464,non-crocodile,0.9506,0.84
1465,non-crocodile,0.9785,0.76
1466,non-crocodile,0.9573,0.86
1467,non-crocodile,0.9523,0.73
1468,non-crocodile,0.9457,0.9
1469,non-crocodile,0.9579,0.8
1470,non-crocodile,0.9079,0.87
1471,non-crocodile,0.9665,0.75
1472,non-crocodile,0.9597,0.87
1473,non-crocodile,0.9622,0.69
1474,non-crocodile,0.9266,0.84
1475,non-crocodile,0.9066,0.85
1476,non-crocodile,0.8456,0.84
1477,non-crocodile,0.8739,0.75
1478,non-crocodile,0.775,0.88
1479,non-crocodile,0.8102,0.75
1480,non-crocodile,0.8143,0.87
1481,non-crocodile,0.9263,0.83
1482,non-crocodile,0.8477,0.87
1483,non-crocodile,0.8648,0.72
1484,non-crocodile,0.8188,0.8
1485,non-crocodile,0.8072,0.9
1486,non-crocodile,0.8563,0.87
1487,non-crocodile,0.9122,0.72
1488,non-crocodile,0.8677,0.89
1489,non-crocodile,0.9211,0.86
1490,non-crocodile,0.9766,0.84
1491,non-crocodile,0.9507,0.69
1492,non-crocodile,0.9499,0.9
1493,non-crocodile,0.9324,0.88
1494,non-crocodile,0.9457,0.84
1495,non-crocodile,0.9376,0.73
1496,non-crocodile,0.862,0.85
1497,non-crocodile,0.9483,0.77
1498,non-crocodile,0.9318,0.78
1499,non-crocodile,0.9793,0.84
1500,non-crocodile,0.9298,0.87
1501,non-crocodile,0.8815,0.85
1502,non-crocodile,0.8918,0.78
1503,non-crocodile,0.9643,0.9
1504,non-crocodile,0.9524,0.87
1505,non-crocodile,0.9691,0.84
1506,non-crocodile,0.9601,0.77
1507,non-crocodile,0.9581,0.76
1508,non-crocodile,0.9707,0.87
1509,non-crocodile,0.9707,0.86
1510,non-crocodile,0.99,0.85
1511,non-crocodile,0.986,0.77
1512,non-crocodile,0.9856,0.86
1513,non-crocodile,0.9771,0.85
1514,non-crocodile,0.9645,0.87
1515,non-crocodile,0.9828,0.75
1516,non-crocodile,0.9718,0.75
1517,non-crocodile,0.9858,0.89
1518,non-crocodile,0.9657,0.78
1519,non-crocodile,0.9649,0.87
1520,non-crocodile,0.9668,0.78
1521,non-crocodile,0.9862,0.8
1522,non-crocodile,0.9728,0.87
1523,non-crocodile,0.9871,0.88
1524,non-crocodile,0.9927,0.78
1525,non-crocodile,0.992,0.71
1526,non-crocodile,0.9735,0.85
1527,non-crocodile,0.9872,0.83
1528,non-crocodile,0.9925,0.72
1529,non-crocodile,0.9938,0.92
1530,non-crocodile,0.985,0.77
1531,non-crocodile,0.9865,0.88
1532,non-crocodile,0.975,0.73
1533,non-crocodile,0.9421,0.85
1534,non-crocodile,0.9449,0.82
1535,non-crocodile,0.9692,0.76
1536,non-crocodile,0.952,0.91
1537,non-crocodile,0.96,0.87
1538,non-crocodile,0.9382,0.8
1539,non-crocodile,0.9618,0.78
1540,non-crocodile,0.9561,0.92
1541,non-crocodile,0.9119,0.81
1542,non-crocodile,0.9422,0.78
1543,non-crocodile,0.8494,0.89
1544,non-crocodile,0.8289,0.89
1545,non-crocodile,0.9336,0.75
1546,non-crocodile,0.8788,0.85
1547,non-crocodile,0.9546,0.85
1548,non-crocodile,0.9329,0.75
1549,non-crocodile,0.8879,0.86
1550,non-crocodile,0.9198,0.77
1551,non-crocodile,0.9589,0.88
1552,non-crocodile,0.8924,0.75
1553,non-crocodile,0.8701,0.88
1554,non-crocodile,0.8641,0.86
1555,non-crocodile,0.8975,0.86
1556,non-crocodile,0.9201,0.76
1557,non-crocodile,0.908,0.89
1558,non-crocodile,0.9268,0.86
1559,non-crocodile,0.8868,0.86
1560,non-crocodile,0.8741,0.77
1561,non-crocodile,0.8773,0.89
1562,non-crocodile,0.9108,0.83
1563,non-crocodile,0.9052,0.84
1564,non-crocodile,0.8872,0.75
1565,non-crocodile,0.9047,0.78
1566,non-crocodile,0.849,0.81
1567,non-crocodile,0.8627,0.88
1568,non-crocodile,0.9099,0.85
1569,non-crocodile,0.934,0.78
1570,non-crocodile,0.924,0.73
1571,non-crocodile,0.9146,0.79
1572,non-crocodile,0.8778,0.83
1573,non-crocodile,0.8688,0.7
1574,non-crocodile,0.8739,0.7
1575,non-crocodile,0.7781,0.86
1576,non-crocodile,0.7847,0.78
1577,non-crocodile,0.8447,0.92
1578,non-crocodile,0.8711,0.82
1579,non-crocodile,0.8553,0.73
1580,non-crocodile,0.8346,0.81
1581,non-crocodile,0.9337,0.85
1582,non-crocodile,0.8965,0.73
1583,non-crocodile,0.967,0.88
1584,non-crocodile,0.9249,0.81
1585,non-crocodile,0.9138,0.88
1586,non-crocodile,0.8677,0.73
1587,non-crocodile,0.8465,0.85
1588,non-crocodile,0.7763,0.78
1589,non-crocodile,0.9669,0.91
1590,non-crocodile,0.9727,0.75
1591,non-crocodile,0.962,0.91
1592,non-crocodile,0.9721,0.75
1593,non-crocodile,0.9623,0.88
1594,non-crocodile,0.9212,0.85
1595,non-crocodile,0.8882,0.73
1596,non-crocodile,0.819,0.87
1597,non-crocodile,0.8261,0.86
1598,non-crocodile,0.684,0.88
1599,non-crocodile,0.748,0.75
1600,non-crocodile,0.7251,0.86
1601,non-crocodile,0.6619,0.83
1602,non-crocodile,0.5886,0.75
1603,non-crocodile,0.7657,0.84
1604,crocodile,0.6812,0.86
1605,non-crocodile,0.7016,0.75
1606,non-crocodile,0.5142,0.87
1607,non-crocodile,0.6156,0.76
1608,non-crocodile,0.7839,0.91
1609,non-crocodile,0.7139,0.78
1610,non-crocodile,0.8451,0.9
1611,non-crocodile,0.8834,0.68
1612,non-crocodile,0.8191,0.72
1613,non-crocodile,0.8289,0.88
1614,non-crocodile,0.7125,0.83
1615,non-crocodile,0.5955,0.77
1616,non-crocodile,0.655,0.77
1617,non-crocodile,0.6332,0.9
1618,non-crocodile,0.6175,0.86
1619,non-crocodile,0.6652,0.82
1620,non-crocodile,0.6593,0.73
1621,non-crocodile,0.5297,0.87
1622,non-crocodile,0.6319,0.91
1623,non-crocodile,0.8228,0.81
1624,non-crocodile,0.73,0.73
1625,non-crocodile,0.6561,0.89
1626,non-crocodile,0.7933,0.86
1627,non-crocodile,0.8532,0.85
1628,non-crocodile,0.745,0.76
1629,non-crocodile,0.9529,0.9
1630,non-crocodile,0.9712,0.74
1631,non-crocodile,0.9658,0.8
1632,non-crocodile,0.9572,0.76
1633,non-crocodile,0.9375,0.87
1634,non-crocodile,0.8507,0.76
1635,non-crocodile,0.9445,0.91
1636,non-crocodile,0.8686,0.82
1637,non-crocodile,0.8639,0.86
1638,non-crocodile,0.8577,0.78
1639,non-crocodile,0.904,0.9
1640,non-crocodile,0.8691,0.77
1641,non-crocodile,0.8153,0.76
1642,non-crocodile,0.9147,0.87
1643,non-crocodile,0.8817,0.81
1644,non-crocodile,0.8303,0.81
1645,non-crocodile,0.8318,0.78
1646,non-crocodile,0.8452,0.9
1647,non-crocodile,0.8654,0.82
1648,non-crocodile,0.9078,0.83
1649,non-crocodile,0.9071,0.75
1650,non-crocodile,0.9119,0.9
1651,non-crocodile,0.7933,0.81
1652,non-crocodile,0.9262,0.77
1653,non-crocodile,0.9643,0.87
1654,non-crocodile,0.9354,0.83
1655,non-crocodile,0.8358,0.74
1656,non-crocodile,0.9304,0.85
1657,non-crocodile,0.8941,0.85
1658,non-crocodile,0.9633,0.76
1659,non-crocodile,0.924,0.91
1660,non-crocodile,0.9211,0.73
1661,non-crocodile,0.9797,0.89
1662,non-crocodile,0.9682,0.79
1663,non-crocodile,0.9298,0.89
1664,non-crocodile,0.989,0.77
1665,non-crocodile,0.9774,0.83
1666,non-crocodile,0.9582,0.79
1667,non-crocodile,0.9837,0.91
1668,non-crocodile,0.9776,0.9
1669,non-crocodile,0.9756,0.81
1670,non-crocodile,0.9608,0.73
1671,non-crocodile,0.9387,0.89
1672,non-crocodile,0.95,0.85
1673,non-crocodile,0.9346,0.82
1674,non-crocodile,0.9619,0.75
1675,non-crocodile,0.9507,0.85
1676,non-crocodile,0.97,0.85
1677,non-crocodile,0.9608,0.76
1678,non-crocodile,0.9279,0.92
1679,non-crocodile,0.8578,0.87
1680,non-crocodile,0.9268,0.8
1681,non-crocodile,0.9394,0.82
1682,non-crocodile,0.9148,0.85
1683,non-crocodile,0.9077,0.77
1684,non-crocodile,0.8715,0.86
1685,non-crocodile,0.8538,0.75
1686,non-crocodile,0.8703,0.86
1687,non-crocodile,0.9199,0.72
1688,non-crocodile,0.9465,0.88
1689,non-crocodile,0.9511,0.88
1690,non-crocodile,0.9547,0.8
1691,non-crocodile,0.9651,0.75
1692,non-crocodile,0.9772,0.86
1693,non-crocodile,0.9524,0.86
1694,non-crocodile,0.9572,0.82
1695,non-crocodile,0.9592,0.81
1696,non-crocodile,0.9512,0.9
1697,non-crocodile,0.9469,0.8
1698,non-crocodile,0.9681,0.75
1699,non-crocodile,0.9688,0.77
1700,non-crocodile,0.9254,0.83
1701,non-crocodile,0.9215,0.73
1702,non-crocodile,0.9378,0.85
1703,non-crocodile,0.9227,0.84
1704,non-crocodile,0.9165,0.83
1705,non-crocodile,0.8957,0.75
1706,non-crocodile,0.9292,0.85
1707,non-crocodile,0.9122,0.86
1708,non-crocodile,0.82,0.75
1709,non-crocodile,0.8741,0.79
1710,non-crocodile,0.8745,0.86
1711,non-crocodile,0.8632,0.8
1712,non-crocodile,0.9059,0.9
1713,non-crocodile,0.9145,0.84
1714,non-crocodile,0.8886,0.73
1715,non-crocodile,0.9358,0.92
1716,non-crocodile,0.9252,0.91
1717,non-crocodile,0.9194,0.86
1718,non-crocodile,0.9297,0.78
1719,non-crocodile,0.9247,0.75
1720,non-crocodile,0.9467,0.91
1721,non-crocodile,0.9436,0.86
1722,non-crocodile,0.8991,0.83
1723,non-crocodile,0.8896,0.73
1724,non-crocodile,0.8753,0.86
1725,non-crocodile,0.8015,0.88
1726,non-crocodile,0.8327,0.76
1727,non-crocodile,0.8604,0.84
1728,non-crocodile,0.8023,0.87
1729,non-crocodile,0.7783,0.84
1730,non-crocodile,0.7848,0.78
1731,non-crocodile,0.8226,0.74
1732,non-crocodile,0.8921,0.92
1733,non-crocodile,0.7404,0.8
1734,non-crocodile,0.6352,0.88
1735,non-crocodile,0.8338,0.72
1736,non-crocodile,0.7509,0.81
1737,non-crocodile,0.8343,0.9
1738,non-crocodile,0.7075,0.89
1739,non-crocodile,0.8329,0.82
1740,non-crocodile,0.5695,0.78
1741,non-crocodile,0.7031,0.78
1742,non-crocodile,0.6126,0.86
1743,crocodile,0.6346,0.81
1744,crocodile,0.7854,0.78
1745,crocodile,0.6961,0.92
1746,crocodile,0.6848,0.88
1747,crocodile,0.9553,0.77
1748,crocodile,0.8696,0.83
1749,crocodile,0.976,0.82
1750,crocodile,0.9376,0.73
1751,crocodile,0.9561,0.85
1752,crocodile,0.9721,0.71
1753,crocodile,0.9781,0.87
1754,crocodile,0.966,0.86
1755,crocodile,0.9827,0.8
1756,crocodile,0.9515,0.73
1757,crocodile,0.9759,0.91
1758,crocodile,0.931,0.87
1759,crocodile,0.953,0.84
1760,crocodile,0.9595,0.73
1761,crocodile,0.8951,0.81
1762,crocodile,0.8792,0.85
1763,crocodile,0.8565,0.77
1764,crocodile,0.7346,0.87
1765,non-crocodile,0.5829,0.82
1766,crocodile,0.7066,0.75
1767,crocodile,0.5566,0.95
1768,non-crocodile,0.5431,0.81
1769,non-crocodile,0.7065,0.83
1770,non-crocodile,0.7481,0.76
1771,non-crocodile,0.7756,0.85
1772,non-crocodile,0.776,0.86
1773,non-crocodile,0.7308,0.75
1774,non-crocodile,0.7174,0.87
1775,crocodile,0.6043,0.88
1776,crocodile,0.6125,0.84
1777,crocodile,0.909,0.75
1778,crocodile,0.8854,0.89
1779,crocodile,0.7423,0.87
1780,crocodile,0.8781,0.84
1781,crocodile,0.9319,0.73
1782,crocodile,0.919,0.7
1783,crocodile,0.93,0.83
1784,crocodile,0.9718,0.78
1785,crocodile,0.9388,0.83
1786,crocodile,0.9303,0.88
1787,crocodile,0.9545,0.79
1788,crocodile,0.9767,0.88
1789,crocodile,0.967,0.8
1790,crocodile,0.9779,0.83
1791,crocodile,0.9772,0.78
1792,crocodile,0.9902,0.86
1793,crocodile,0.9855,0.75
1794,crocodile,0.987,0.83
1795,crocodile,0.9834,0.71
1796,crocodile,0.9941,0.83
1797,crocodile,0.9958,0.84
1798,crocodile,0.9967,0.84
1799,crocodile,0.9982,0.77
1800,crocodile,0.9993,0.89
1801,crocodile,0.9981,0.78
1802,crocodile,0.9986,0.77
1803,crocodile,0.999,0.89
1804,crocodile,0.9988,0.79
1805,crocodile,0.9991,0.86
1806,crocodile,0.9982,0.75
1807,crocodile,0.9982,0.88
1808,crocodile,0.9943,0.78
1809,crocodile,0.9938,0.85
1810,crocodile,0.9926,0.83
1811,crocodile,0.957,0.84
1812,crocodile,0.95,0.72
1813,crocodile,0.7735,0.86
1814,crocodile,0.7344,0.85
1815,crocodile,0.7049,0.86
1816,crocodile,0.7602,0.77
1817,crocodile,0.7633,0.81
1818,non-crocodile,0.5184,0.71
1819,non-crocodile,0.6219,0.9
1820,non-crocodile,0.656,0.79
1821,non-crocodile,0.6488,0.9
1822,non-crocodile,0.7358,0.81
1823,crocodile,0.5388,0.85
1824,non-crocodile,0.6082,0.78
1825,non-crocodile,0.5519,0.87
1826,non-crocodile,0.5994,0.8
1827,non-crocodile,0.6373,0.76
1828,non-crocodile,0.7042,0.92
1829,non-crocodile,0.5547,0.86
1830,crocodile,0.6339,0.72
1831,crocodile,0.5403,0.88
1832,crocodile,0.591,0.88
1833,crocodile,0.6635,0.77
1834,crocodile,0.581,0.85
1835,crocodile,0.52,0.79
1836,non-crocodile,0.5173,0.87
1837,crocodile,0.6375,0.77
1838,non-crocodile,0.6086,0.86
1839,non-crocodile,0.506,0.76
1840,crocodile,0.6236,0.89
1841,crocodile,0.7038,0.85
1842,crocodile,0.6267,0.84
1843,crocodile,0.8005,0.71
1844,crocodile,0.8046,0.81
1845,crocodile,0.8103,0.87
1846,crocodile,0.8386,0.76
1847,crocodile,0.8465,0.79
1848,crocodile,0.9179,0.75
1849,crocodile,0.8992,0.9
1850,crocodile,0.9105,0.81
1851,crocodile,0.8788,0.71
1852,crocodile,0.8772,0.78
1853,crocodile,0.8203,0.87
1854,crocodile,0.8101,0.87
1855,crocodile,0.8153,0.73
1856,crocodile,0.8575,0.76
1857,crocodile,0.899,0.87
1858,crocodile,0.9197,0.74
1859,crocodile,0.8736,0.84
1860,crocodile,0.8509,0.87
1861,crocodile,0.8622,0.86
1862,crocodile,0.8838,0.74
1863,crocodile,0.8399,0.77
1864,crocodile,0.7787,0.87
1865,crocodile,0.8271,0.85
1866,crocodile,0.8141,0.76
1867,crocodile,0.6811,0.87
1868,crocodile,0.7509,0.8
1869,crocodile,0.7969,0.91
1870,crocodile,0.8174,0.77
1871,crocodile,0.6641,0.9
1872,crocodile,0.7715,0.82
1873,crocodile,0.7755,0.88
1874,crocodile,0.8366,0.75
1875,crocodile,0.8259,0.73
1876,crocodile,0.7792,0.89
1877,crocodile,0.7253,0.84
1878,crocodile,0.8323,0.82
1879,crocodile,0.8163,0.72
1880,crocodile,0.7753,0.89
1881,crocodile,0.7567,0.9
1882,crocodile,0.7541,0.86
1883,crocodile,0.817,0.79
1884,crocodile,0.8603,0.82
1885,crocodile,0.8708,0.82
1886,crocodile,0.8718,0.86
1887,crocodile,0.8525,0.73
1888,crocodile,0.8117,0.83
1889,crocodile,0.8117,0.76
1890,crocodile,0.8378,0.89
1891,crocodile,0.7444,0.85
1892,crocodile,0.7232,0.8
1893,crocodile,0.7971,0.76
1894,crocodile,0.7993,0.86
1895,crocodile,0.7162,0.87
1896,crocodile,0.7372,0.72
1897,crocodile,0.8091,0.91
1898,crocodile,0.7621,0.86
1899,crocodile,0.7402,0.86
1900,crocodile,0.7942,0.75
1901,crocodile,0.8053,0.88
1902,crocodile,0.6562,0.86
1903,crocodile,0.6623,0.75
1904,crocodile,0.6724,0.9
1905,crocodile,0.6932,0.77
1906,crocodile,0.7094,0.84
1907,crocodile,0.6816,0.7
1908,crocodile,0.659,0.89
1909,non-crocodile,0.5513,0.87
1910,non-crocodile,0.5592,0.85
1911,non-crocodile,0.5253,0.78
1912,non-crocodile,0.5493,0.9
1913,non-crocodile,0.5418,0.77
1914,non-crocodile,0.5218,0.78
1915,non-crocodile,0.5496,0.9
1916,non-crocodile,0.5463,0.88
1917,non-crocodile,0.534,0.72
1918,non-crocodile,0.5762,0.91
1919,non-crocodile,0.5186,0.86
1920,non-crocodile,0.581,0.85
1921,non-crocodile,0.5582,0.7
1922,non-crocodile,0.5662,0.76
1923,non-crocodile,0.5595,0.87
1924,non-crocodile,0.5974,0.9
1925,non-crocodile,0.5648,0.78
1926,non-crocodile,0.5286,0.75
1927,non-crocodile,0.6231,0.79
1928,non-crocodile,0.6294,0.92
1929,non-crocodile,0.5358,0.81
1930,crocodile,0.5839,0.82
1931,crocodile,0.5279,0.76
1932,crocodile,0.633,0.89
1933,crocodile,0.677,0.73
1934,crocodile,0.7925,0.9
1935,crocodile,0.8077,0.78
1936,crocodile,0.8363,0.89
1937,crocodile,0.8364,0.82
1938,crocodile,0.8125,0.85
1939,crocodile,0.8165,0.77
1940,crocodile,0.8314,0.77
1941,crocodile,0.8376,0.9
1942,crocodile,0.7715,0.8
1943,crocodile,0.7781,0.87
1944,crocodile,0.86,0.78
1945,crocodile,0.8369,0.76
1946,crocodile,0.8663,0.87
1947,crocodile,0.9061,0.87
1948,crocodile,0.8582,0.87
1949,crocodile,0.8698,0.79
1950,crocodile,0.8914,0.87
1951,crocodile,0.9135,0.81
1952,crocodile,0.8603,0.76
1953,crocodile,0.8314,0.9
1954,crocodile,0.8626,0.72
1955,crocodile,0.8696,0.89
1956,crocodile,0.9411,0.75
1957,crocodile,0.9014,0.87
1958,crocodile,0.9167,0.72
1959,crocodile,0.9316,0.88
1960,crocodile,0.9451,0.88
1961,crocodile,0.9421,0.83
1962,crocodile,0.9275,0.67
1963,crocodile,0.9499,0.88
1964,crocodile,0.9281,0.84
1965,crocodile,0.9102,0.84
1966,crocodile,0.8484,0.78
1967,crocodile,0.9476,0.85
1968,crocodile,0.8882,0.81
1969,crocodile,0.8578,0.9
1970,crocodile,0.9239,0.8
1971,crocodile,0.8448,0.82
1972,crocodile,0.8763,0.75
1973,crocodile,0.8381,0.87
1974,crocodile,0.6388,0.87
1975,crocodile,0.5856,0.83
1976,crocodile,0.671,0.74
1977,crocodile,0.6939,0.92
1978,crocodile,0.7245,0.86
1979,crocodile,0.7412,0.85
1980,crocodile,0.7699,0.81
1981,crocodile,0.5661,0.9
1982,crocodile,0.7187,0.86
1983,crocodile,0.8104,0.81
1984,crocodile,0.7835,0.79
1985,crocodile,0.7695,0.9
1986,crocodile,0.8072,0.81
1987,crocodile,0.9981,0.82
1988,crocodile,0.9991,0.76
1989,crocodile,0.9988,0.86
1990,crocodile,0.9983,0.88
1991,crocodile,0.9974,0.83
1992,crocodile,0.9952,0.73
1993,crocodile,0.9948,0.85
1994,crocodile,0.9879,0.84
1995,crocodile,0.9975,0.74
1996,crocodile,0.9987,0.86
1997,crocodile,0.999,0.77
1998,crocodile,0.9962,0.87
1999,crocodile,0.9987,0.87
2000,crocodile,0.9991,0.81
2001,crocodile,0.9982,0.74
2002,crocodile,0.999,0.91
2003,crocodile,0.9994,0.87
2004,crocodile,0.9993,0.83
2005,crocodile,0.9995,0.73
2006,crocodile,0.9997,0.88
2007,crocodile,0.9998,0.83
2008,crocodile,0.9997,0.71
2009,crocodile,0.9999,0.82
2010,crocodile,0.9998,0.88
2011,crocodile,0.9999,0.75
2012,crocodile,0.9999,0.86
2013,crocodile,0.9998,0.75
2014,crocodile,0.999,0.85
2015,crocodile,0.9997,0.81
2016,crocodile,0.9989,0.82
2017,crocodile,0.9996,0.79
2018,crocodile,0.9996,0.88
2019,crocodile,0.9998,0.88
2020,crocodile,0.9998,0.75
2021,crocodile,0.9995,0.84
2022,crocodile,0.9992,0.85
2023,crocodile,0.9998,0.74
2024,crocodile,0.9978,0.91
2025,crocodile,0.987,0.75
2026,crocodile,0.9539,0.92
2027,crocodile,0.9816,0.76
2028,crocodile,0.9309,0.89
2029,crocodile,0.933,0.73
2030,crocodile,0.9384,0.73
2031,crocodile,0.9573,0.89
2032,crocodile,0.8968,0.87
2033,crocodile,0.9522,0.82
2034,crocodile,0.953,0.78
2035,crocodile,0.9462,0.87
2036,crocodile,0.9135,0.77
2037,crocodile,0.9474,0.86
2038,crocodile,0.9434,0.8
2039,crocodile,0.9067,0.9
2040,crocodile,0.9218,0.79
2041,crocodile,0.9483,0.87
2042,crocodile,0.919,0.75
2043,crocodile,0.9345,0.79
2044,crocodile,0.9304,0.87
2045,crocodile,0.8597,0.85
2046,crocodile,0.889,0.82
2047,crocodile,0.9088,0.76
2048,crocodile,0.9033,0.82
2049,crocodile,0.8919,0.83
2050,crocodile,0.9078,0.72
2051,crocodile,0.8983,0.83
2052,crocodile,0.8589,0.79
2053,crocodile,0.8667,0.89
2054,crocodile,0.8617,0.76
2055,crocodile,0.9274,0.78
2056,crocodile,0.9025,0.88
2057,crocodile,0.9095,0.85
2058,crocodile,0.9357,0.81
2059,crocodile,0.942,0.77
2060,crocodile,0.9515,0.87
2061,crocodile,0.9364,0.84
2062,crocodile,0.9433,0.76
2063,crocodile,0.9502,0.88
2064,crocodile,0.923,0.88
2065,crocodile,0.9215,0.85
2066,crocodile,0.9265,0.75
2067,crocodile,0.9271,0.87
2068,crocodile,0.9196,0.88
2069,crocodile,0.916,0.73
2070,crocodile,0.9155,0.7
2071,crocodile,0.866,0.86
2072,crocodile,0.8596,0.76
2073,crocodile,0.871,0.86
2074,crocodile,0.7135,0.84
2075,crocodile,0.713,0.78
2076,crocodile,0.6635,0.89
2077,crocodile,0.6626,0.89
2078,crocodile,0.7126,0.75
2079,crocodile,0.7002,0.85
2080,crocodile,0.8346,0.85
2081,crocodile,0.6926,0.85
2082,crocodile,0.7024,0.75
2083,crocodile,0.6444,0.81
2084,crocodile,0.6347,0.79
2085,crocodile,0.6868,0.9
2086,crocodile,0.795,0.8
2087,crocodile,0.8602,0.84
2088,crocodile,0.8125,0.75
2089,crocodile,0.8129,0.88
2090,crocodile,0.7991,0.76
2091,crocodile,0.7466,0.82
2092,crocodile,0.7546,0.85
2093,crocodile,0.7853,0.84
2094,crocodile,0.7412,0.72
2095,crocodile,0.6363,0.85
2096,crocodile,0.722,0.87
2097,crocodile,0.741,0.85
2098,crocodile,0.6748,0.75
2099,crocodile,0.8,0.85
2100,crocodile,0.7476,0.79
2101,crocodile,0.7015,0.84
2102,crocodile,0.7616,0.73
2103,crocodile,0.7069,0.88
2104,crocodile,0.7,0.84
2105,crocodile,0.6725,0.84
2106,crocodile,0.6043,0.75
2107,crocodile,0.6497,0.75
2108,crocodile,0.6342,0.89
2109,crocodile,0.6403,0.85
2110,crocodile,0.6567,0.84
2111,crocodile,0.7572,0.76
2112,crocodile,0.5754,0.77
2113,crocodile,0.7272,0.85
2114,crocodile,0.7393,0.77
2115,crocodile,0.672,0.91
2116,crocodile,0.7851,0.84
2117,crocodile,0.8685,0.74
2118,crocodile,0.8421,0.9
2119,crocodile,0.9044,0.86
2120,crocodile,0.7888,0.8
2121,crocodile,0.8449,0.78
2122,crocodile,0.8618,0.79
2123,crocodile,0.7346,0.91
2124,crocodile,0.7888,0.86
2125,crocodile,0.6787,0.75
2126,crocodile,0.5949,0.73
2127,crocodile,0.5404,0.87
2128,crocodile,0.5156,0.76
2129,crocodile,0.6559,0.88
2130,crocodile,0.6544,0.77
2131,crocodile,0.5661,0.88
2132,crocodile,0.6213,0.86
2133,crocodile,0.7622,0.85
2134,crocodile,0.7087,0.75
2135,crocodile,0.7685,0.92
2136,crocodile,0.774,0.85
2137,crocodile,0.9122,0.81
2138,crocodile,0.936,0.74
2139,crocodile,0.9348,0.87
2140,crocodile,0.8783,0.84
2141,crocodile,0.9464,0.75
2142,crocodile,0.9141,0.88
2143,crocodile,0.9619,0.84
2144,crocodile,0.9627,0.84
2145,crocodile,0.969,0.7
2146,crocodile,0.9451,0.92
2147,crocodile,0.9481,0.82
2148,crocodile,0.9783,0.88
2149,crocodile,0.9692,0.74
2150,crocodile,0.9659,0.77
2151,crocodile,0.9604,0.84
2152,crocodile,0.9425,0.86
2153,crocodile,0.91,0.79
2154,crocodile,0.9147,0.77
2155,crocodile,0.8619,0.88
2156,crocodile,0.8841,0.85
2157,crocodile,0.9128,0.81
2158,crocodile,0.9474,0.75
2159,crocodile,0.9133,0.87
2160,crocodile,0.9624,0.77
2161,crocodile,0.9478,0.85
2162,crocodile,0.8514,0.78
2163,crocodile,0.9213,0.86
2164,crocodile,0.9043,0.76
2165,crocodile,0.9512,0.86
2166,crocodile,0.9581,0.83
2167,crocodile,0.9469,0.83
2168,crocodile,0.9446,0.76
2169,crocodile,0.9419,0.88
2170,crocodile,0.9433,0.8
2171,crocodile,0.936,0.78
2172,crocodile,0.9747,0.91
2173,crocodile,0.9293,0.88
2174,crocodile,0.9581,0.73
2175,crocodile,0.9496,0.91
2176,crocodile,0.9531,0.85
2177,crocodile,0.982,0.86
2178,crocodile,0.9728,0.75
2179,crocodile,0.9769,0.81
2180,crocodile,0.9905,0.85
2181,non-crocodile,0.8455,0.78
2182,non-crocodile,0.7829,0.8
2183,non-crocodile,0.9049,0.76
2184,non-crocodile,0.8967,0.88
2185,non-crocodile,0.9292,0.85
2186,non-crocodile,0.7284,0.85
2187,non-crocodile,0.6355,0.73
2188,non-crocodile,0.6361,0.87
2189,non-crocodile,0.8428,0.88
2190,crocodile,0.7269,0.87
2191,crocodile,0.9397,0.74
2192,crocodile,0.9892,0.77
2193,crocodile,0.9968,0.86
2194,crocodile,0.9983,0.74
2195,crocodile,0.999,0.9
2196,crocodile,0.9998,0.76
2197,crocodile,0.9998,0.85
2198,crocodile,0.9998,0.75
2199,crocodile,1.0,0.82
2200,crocodile,1.0,0.85
2201,crocodile,1.0,0.76
2202,crocodile,1.0,0.75
2203,crocodile,1.0,0.75
2204,crocodile,1.0,0.9
2205,crocodile,1.0,0.79
2206,crocodile,1.0,0.87
2207,crocodile,1.0,0.69
2208,crocodile,1.0,0.86
2209,crocodile,1.0,0.87
2210,crocodile,1.0,0.86
2211,crocodile,1.0,0.72
2212,crocodile,1.0,0.81
2213,crocodile,1.0,0.91
2214,crocodile,1.0,0.77
2215,crocodile,1.0,0.72
2216,crocodile,1.0,0.86
2217,crocodile,1.0,0.77
2218,crocodile,1.0,0.87
2219,crocodile,1.0,0.85
2220,crocodile,1.0,0.85
2221,crocodile,1.0,0.78
2222,crocodile,1.0,0.91
2223,crocodile,1.0,0.85
2224,crocodile,1.0,0.85
2225,crocodile,1.0,0.79
2226,crocodile,1.0,0.87
2227,crocodile,1.0,0.91
2228,crocodile,1.0,0.78
2229,crocodile,1.0,0.73
2230,crocodile,1.0,0.85
2231,crocodile,1.0,0.86
2232,crocodile,1.0,0.79
2233,crocodile,1.0,0.78
2234,crocodile,1.0,0.92
2235,crocodile,1.0,0.7
2236,crocodile,1.0,0.84
2237,crocodile,1.0,0.79
2238,crocodile,1.0,0.92
2239,crocodile,1.0,0.88
2240,crocodile,1.0,0.85
2241,non-crocodile,0.6011,0.76
2242,non-crocodile,0.6669,0.9
2243,non-crocodile,0.6606,0.83
2244,non-crocodile,0.8065,0.73
2245,non-crocodile,0.7362,0.91
2246,non-crocodile,0.8455,0.91
2247,non-crocodile,0.7782,0.87
2248,non-crocodile,0.8678,0.75
2249,non-crocodile,0.9094,0.87
2250,non-crocodile,0.8743,0.86
2251,non-crocodile,0.8982,0.77
2252,non-crocodile,0.8322,0.78
2253,non-crocodile,0.8662,0.91
2254,non-crocodile,0.7729,0.87
2255,non-crocodile,0.7996,0.78
2256,non-crocodile,0.801,0.9
2257,non-crocodile,0.8683,0.78
2258,non-crocodile,0.8595,0.78
2259,non-crocodile,0.8881,0.88
2260,non-crocodile,0.8836,0.76
2261,non-crocodile,0.9444,0.87
2262,non-crocodile,0.8802,0.82
2263,non-crocodile,0.9417,0.88
2264,non-crocodile,0.9209,0.74
2265,non-crocodile,0.9007,0.86
2266,non-crocodile,0.8957,0.74
2267,non-crocodile,0.8775,0.9
2268,non-crocodile,0.8025,0.85
2269,non-crocodile,0.8671,0.84
2270,non-crocodile,0.8858,0.77
2271,non-crocodile,0.8127,0.88
2272,non-crocodile,0.8486,0.83
2273,non-crocodile,0.7563,0.72
2274,non-crocodile,0.7419,0.88
2275,non-crocodile,0.7424,0.87
2276,non-crocodile,0.6772,0.83
2277,non-crocodile,0.7684,0.76
2278,non-crocodile,0.8454,0.86
2279,non-crocodile,0.8086,0.8
2280,non-crocodile,0.8062,0.88
2281,non-crocodile,0.8446,0.77
2282,non-crocodile,0.7666,0.84
2283,non-crocodile,0.7222,0.76
2284,non-crocodile,0.7245,0.89
2285,non-crocodile,0.7982,0.88
2286,non-crocodile,0.6959,0.79
2287,non-crocodile,0.8011,0.79
2288,non-crocodile,0.7477,0.86
2289,non-crocodile,0.598,0.9
2290,non-crocodile,0.7022,0.78
2291,non-crocodile,0.793,0.68
2292,non-crocodile,0.6814,0.88
2293,non-crocodile,0.8151,0.83
2294,non-crocodile,0.7455,0.72
2295,non-crocodile,0.8294,0.88
2296,non-crocodile,0.7885,0.79
2297,non-crocodile,0.8569,0.91
2298,non-crocodile,0.7894,0.8
2299,non-crocodile,0.8699,0.75
2300,non-crocodile,0.9369,0.91
2301,non-crocodile,0.9149,0.83
2302,non-crocodile,0.9115,0.83
2303,non-crocodile,0.8919,0.78
2304,non-crocodile,0.8411,0.88
2305,non-crocodile,0.862,0.87
2306,non-crocodile,0.7542,0.75
2307,non-crocodile,0.7117,0.8
2308,non-crocodile,0.6464,0.86
2309,non-crocodile,0.5342,0.89
2310,non-crocodile,0.6504,0.83
2311,non-crocodile,0.5377,0.75
2312,non-crocodile,0.6158,0.88
2313,non-crocodile,0.6112,0.87
2314,crocodile,0.5334,0.76
2315,non-crocodile,0.5683,0.71
2316,non-crocodile,0.6217,0.91
2317,non-crocodile,0.5622,0.82
2318,non-crocodile,0.5194,0.78
2319,non-crocodile,0.6312,0.85
2320,non-crocodile,0.6464,0.87
2321,non-crocodile,0.7013,0.75
2322,non-crocodile,0.7156,0.73
2323,non-crocodile,0.8457,0.85
2324,non-crocodile,0.8054,0.87
2325,non-crocodile,0.7011,0.85
2326,non-crocodile,0.7565,0.76
2327,non-crocodile,0.7692,0.8
2328,non-crocodile,0.6699,0.87
2329,non-crocodile,0.7191,0.81
2330,non-crocodile,0.6834,0.86
2331,non-crocodile,0.6913,0.75
2332,non-crocodile,0.7117,0.74
2333,non-crocodile,0.8017,0.88
2334,non-crocodile,0.7832,0.85
2335,non-crocodile,0.7649,0.88
2336,non-crocodile,0.7978,0.75
2337,non-crocodile,0.7685,0.87
2338,non-crocodile,0.8581,0.85
2339,non-crocodile,0.8127,0.82
2340,non-crocodile,0.8574,0.75
2341,non-crocodile,0.8106,0.86
2342,non-crocodile,0.8268,0.67
2343,non-crocodile,0.8151,0.88
2344,non-crocodile,0.8945,0.76
2345,non-crocodile,0.8234,0.85
2346,non-crocodile,0.9013,0.87
2347,non-crocodile,0.8676,0.75
2348,non-crocodile,0.8956,0.81
2349,non-crocodile,0.9196,0.86
2350,non-crocodile,0.9492,0.86
2351,non-crocodile,0.9462,0.75
2352,non-crocodile,0.9558,0.81
2353,non-crocodile,0.9224,0.75
2354,non-crocodile,0.928,0.87
2355,non-crocodile,0.9174,0.81
2356,non-crocodile,0.9537,0.76
2357,non-crocodile,0.9485,0.92
2358,crocodile,0.9993,0.87
2359,crocodile,0.999,0.85
2360,crocodile,0.9994,0.72
2361,crocodile,0.9993,0.88
2362,crocodile,0.9987,0.87
2363,crocodile,0.9983,0.87
2364,crocodile,0.9981,0.72
2365,crocodile,0.9919,0.73
2366,crocodile,0.9883,0.87
2367,crocodile,0.9872,0.79
2368,crocodile,0.978,0.84
2369,crocodile,0.9758,0.76
2370,crocodile,0.9762,0.85
2371,crocodile,0.9915,0.83
2372,crocodile,0.9935,0.83
2373,crocodile,0.987,0.76
2374,crocodile,0.9925,0.89
2375,crocodile,0.9948,0.83
2376,crocodile,0.9888,0.76
2377,crocodile,0.9797,0.84
2378,crocodile,0.9888,0.88
2379,crocodile,0.985,0.76
2380,crocodile,0.9817,0.76
2381,crocodile,0.9781,0.85
2382,crocodile,0.9888,0.78
2383,crocodile,0.9797,0.9
2384,crocodile,0.9703,0.85
2385,crocodile,0.9656,0.71
2386,crocodile,0.9654,0.9
2387,crocodile,0.9585,0.86
2388,crocodile,0.9664,0.85
2389,crocodile,0.9639,0.71
2390,crocodile,0.9623,0.89
2391,crocodile,0.9707,0.89
2392,crocodile,0.9679,0.81
2393,crocodile,0.9588,0.73
2394,crocodile,0.9655,0.89
2395,crocodile,0.9826,0.83
2396,crocodile,0.975,0.79
2397,crocodile,0.977,0.76
2398,crocodile,0.9819,0.9
2399,crocodile,0.9828,0.79
2400,crocodile,0.9817,0.88
2401,crocodile,0.9751,0.76
2402,crocodile,0.977,0.82
2403,crocodile,0.9763,0.78
2404,crocodile,0.972,0.88
2405,crocodile,0.9743,0.88
2406,crocodile,0.9837,0.81
2407,crocodile,0.9825,0.76
2408,crocodile,0.986,0.89
2409,crocodile,0.987,0.88
2410,crocodile,0.9826,0.8
2411,crocodile,0.9831,0.76
2412,crocodile,0.9788,0.81
2413,crocodile,0.9812,0.89
2414,crocodile,0.9897,0.84
2415,crocodile,0.9925,0.75
2416,crocodile,0.9807,0.79
2417,crocodile,0.9704,0.87
2418,crocodile,0.9741,0.76
2419,crocodile,0.9823,0.89
2420,crocodile,0.9777,0.74
2421,crocodile,0.9667,0.86
2422,crocodile,0.9052,0.8
2423,crocodile,0.8888,0.87
2424,crocodile,0.8896,0.84
2425,crocodile,0.8943,0.83
2426,crocodile,0.9225,0.75
2427,crocodile,0.8433,0.87
2428,crocodile,0.8301,0.83
2429,crocodile,0.868,0.76
2430,crocodile,0.8813,0.89
2431,crocodile,0.8514,0.79
2432,crocodile,0.6988,0.76
2433,crocodile,0.7536,0.86
2434,crocodile,0.7621,0.79
2435,crocodile,0.7225,0.85
2436,non-crocodile,0.5115,0.81
2437,crocodile,0.5536,0.87
2438,crocodile,0.626,0.76
2439,non-crocodile,0.5196,0.84
2440,crocodile,0.5594,0.77
2441,crocodile,0.5934,0.88
2442,crocodile,0.5899,0.82
2443,crocodile,0.5777,0.79
2444,crocodile,0.5229,0.76
2445,crocodile,0.5711,0.91
2446,crocodile,0.6794,0.87
2447,crocodile,0.738,0.79
2448,crocodile,0.6915,0.74
2449,crocodile,0.5987,0.88
2450,crocodile,0.6618,0.85
2451,crocodile,0.8092,0.71
2452,crocodile,0.7922,0.86
2453,crocodile,0.7678,0.77
2454,crocodile,0.6964,0.92
2455,crocodile,0.7117,0.87
2456,crocodile,0.8087,0.78
2457,crocodile,0.7171,0.77
2458,crocodile,0.7049,0.87
2459,crocodile,0.6611,0.85
2460,crocodile,0.7098,0.81
2461,crocodile,0.6358,0.75
2462,crocodile,0.6398,0.9
2463,crocodile,0.6567,0.87
2464,crocodile,0.6521,0.81
2465,crocodile,0.6659,0.75
2466,crocodile,0.6932,0.91
2467,crocodile,0.6706,0.84
2468,crocodile,0.6622,0.79
2469,crocodile,0.7219,0.89
2470,crocodile,0.714,0.91
2471,crocodile,0.679,0.75
2472,crocodile,0.7272,0.88
2473,crocodile,0.7379,0.81
2474,crocodile,0.7463,0.85
2475,crocodile,0.7802,0.77
2476,crocodile,0.7199,0.86
2477,crocodile,0.7382,0.7
2478,crocodile,0.7372,0.91
2479,crocodile,0.7228,0.84
2480,crocodile,0.6998,0.77
2481,crocodile,0.665,0.85
2482,crocodile,0.7173,0.86
2483,crocodile,0.7546,0.82
2484,non-crocodile,0.988,0.76
2485,non-crocodile,0.991,0.72
2486,non-crocodile,0.9888,0.86
2487,non-crocodile,0.9899,0.76
2488,non-crocodile,0.9888,0.82
2489,non-crocodile,0.986,0.73
2490,non-crocodile,0.9828,0.85
2491,non-crocodile,0.9848,0.82
2492,non-crocodile,0.9878,0.82
2493,non-crocodile,0.9883,0.72
2494,non-crocodile,0.989,0.91
2495,non-crocodile,0.9883,0.85
2496,non-crocodile,0.9847,0.85
2497,non-crocodile,0.9834,0.77
2498,non-crocodile,0.9891,0.89
2499,non-crocodile,0.9911,0.86
2500,non-crocodile,0.9903,0.69
2501,non-crocodile,0.9876,0.73
2502,non-crocodile,0.9909,0.9
2503,non-crocodile,0.9942,0.89
2504,non-crocodile,0.9908,0.82
2505,non-crocodile,0.9774,0.75
2506,non-crocodile,0.9678,0.84
2507,non-crocodile,0.9649,0.87
2508,non-crocodile,0.9626,0.82
2509,non-crocodile,0.9687,0.69
2510,non-crocodile,0.9683,0.91
2511,non-crocodile,0.9725,0.87
2512,non-crocodile,0.9645,0.76
2513,non-crocodile,0.9469,0.75
2514,non-crocodile,0.9351,0.86
2515,non-crocodile,0.9388,0.73
2516,non-crocodile,0.9613,0.9
2517,non-crocodile,0.9492,0.87
2518,non-crocodile,0.9349,0.8
2519,non-crocodile,0.9593,0.8
2520,non-crocodile,0.9672,0.85
2521,non-crocodile,0.9463,0.87
2522,non-crocodile,0.9463,0.74
2523,non-crocodile,0.9532,0.81
2524,non-crocodile,0.9518,0.87
2525,non-crocodile,0.966,0.86
2526,non-crocodile,0.9499,0.71
2527,non-crocodile,0.9621,0.9
2528,non-crocodile,0.9509,0.86
2529,non-crocodile,0.9559,0.77
2530,non-crocodile,0.9704,0.83
2531,non-crocodile,0.9674,0.77
2532,non-crocodile,0.9529,0.8
2533,non-crocodile,0.9667,0.74
2534,non-crocodile,0.9521,0.85
2535,non-crocodile,0.9434,0.85
2536,non-crocodile,0.9623,0.77
2537,non-crocodile,0.948,0.88
2538,non-crocodile,0.9466,0.83
2539,non-crocodile,0.9415,0.75
2540,non-crocodile,0.9172,0.88
2541,non-crocodile,0.9343,0.78
2542,non-crocodile,0.9457,0.88
2543,non-crocodile,0.9467,0.79
2544,non-crocodile,0.9766,0.84
2545,non-crocodile,0.9724,0.77
2546,non-crocodile,0.9591,0.87
2547,non-crocodile,0.9666,0.79
2548,non-crocodile,0.96,0.82
2549,non-crocodile,0.9391,0.77
2550,non-crocodile,0.9368,0.91
2551,non-crocodile,0.9637,0.81
2552,non-crocodile,0.9472,0.85
2553,non-crocodile,0.9367,0.8
2554,non-crocodile,0.8177,0.92
2555,non-crocodile,0.885,0.81
2556,non-crocodile,0.6688,0.86
2557,non-crocodile,0.7194,0.72
2558,non-crocodile,0.635,0.91
2559,non-crocodile,0.6037,0.86
2560,non-crocodile,0.5642,0.77
2561,non-crocodile,0.5997,0.88
2562,non-crocodile,0.605,0.77
2563,non-crocodile,0.5863,0.83
2564,crocodile,0.5469,0.72
2565,non-crocodile,0.5789,0.89
2566,non-crocodile,0.5815,0.85
2567,non-crocodile,0.5909,0.82
2568,non-crocodile,0.691,0.77
2569,non-crocodile,0.7109,0.87
2570,non-crocodile,0.7235,0.86
2571,non-crocodile,0.6162,0.74
2572,non-crocodile,0.5786,0.84
2573,non-crocodile,0.6883,0.84
2574,non-crocodile,0.7792,0.83
2575,non-crocodile,0.8177,0.73
2576,non-crocodile,0.8844,0.87
2577,non-crocodile,0.7955,0.77
2578,non-crocodile,0.8363,0.88
2579,non-crocodile,0.7655,0.76
2580,non-crocodile,0.769,0.86
2581,non-crocodile,0.8156,0.86
2582,non-crocodile,0.807,0.86
2583,non-crocodile,0.9003,0.76
2584,non-crocodile,0.878,0.72
2585,non-crocodile,0.805,0.89
2586,non-crocodile,0.7179,0.88
2587,non-crocodile,0.7435,0.87
2588,non-crocodile,0.7844,0.77
2589,non-crocodile,0.6392,0.84
2590,non-crocodile,0.8723,0.76
2591,non-crocodile,0.7057,0.92
2592,non-crocodile,0.6037,0.71
2593,non-crocodile,0.5309,0.88
2594,crocodile,0.5801,0.78
2595,non-crocodile,0.5589,0.86
2596,non-crocodile,0.6125,0.83
2597,non-crocodile,0.6462,0.77
2598,non-crocodile,0.7291,0.76
2599,non-crocodile,0.6998,0.87
2600,non-crocodile,0.6345,0.86
2601,non-crocodile,0.6485,0.81
2602,non-crocodile,0.7274,0.75
2603,non-crocodile,0.7169,0.91
2604,non-crocodile,0.6999,0.77
2605,non-crocodile,0.6402,0.86
2606,crocodile,0.5117,0.78
2607,crocodile,0.6589,0.84
2608,crocodile,0.5681,0.76
2609,crocodile,0.5815,0.78
2610,non-crocodile,0.6272,0.88
2611,crocodile,0.5714,0.82
2612,crocodile,0.6092,0.8
2613,crocodile,0.5108,0.86
2614,non-crocodile,0.5826,0.89
2615,non-crocodile,0.736,0.77
2616,non-crocodile,0.5975,0.77
2617,non-crocodile,0.7478,0.85
2618,crocodile,0.5694,0.77
2619,crocodile,0.5159,0.86
2620,crocodile,0.689,0.8
2621,crocodile,0.5184,0.85
2622,crocodile,0.526,0.86
2623,crocodile,0.5926,0.82
2624,crocodile,0.608,0.73
2625,crocodile,0.6697,0.74
2626,crocodile,0.6343,0.86
2627,crocodile,0.7746,0.83
2628,crocodile,0.6939,0.76
2629,crocodile,0.5127,0.88
2630,non-crocodile,0.6271,0.77
2631,crocodile,0.6565,0.88
2632,non-crocodile,0.5906,0.84
2633,crocodile,0.6052,0.73
2634,crocodile,0.5943,0.92
2635,non-crocodile,0.5873,0.87
2636,non-crocodile,0.5259,0.82
2637,crocodile,0.7035,0.72
2638,crocodile,0.7039,0.89
2639,crocodile,0.7135,0.87
2640,crocodile,0.7313,0.76
2641,crocodile,0.7459,0.89
2642,crocodile,0.6428,0.81
2643,crocodile,0.8291,0.76
2644,crocodile,0.8062,0.91
2645,crocodile,0.7708,0.72
2646,crocodile,0.886,0.83
2647,crocodile,0.8287,0.76
2648,crocodile,0.8139,0.87
2649,crocodile,0.814,0.85
2650,crocodile,0.8555,0.8
2651,crocodile,0.6899,0.72
2652,crocodile,0.7688,0.87
2653,crocodile,0.5357,0.85
2654,crocodile,0.6886,0.81
2655,crocodile,0.7377,0.75
2656,crocodile,0.8181,0.9
2657,crocodile,0.8223,0.74
2658,crocodile,1.0,0.84
2659,crocodile,1.0,0.75
2660,crocodile,1.0,0.91
2661,crocodile,1.0,0.85
2662,crocodile,1.0,0.81
2663,crocodile,1.0,0.76
2664,crocodile,1.0,0.88
2665,crocodile,1.0,0.81
2666,crocodile,1.0,0.77
2667,crocodile,1.0,0.74
2668,crocodile,1.0,0.89
2669,crocodile,1.0,0.8
2670,crocodile,1.0,0.83
2671,crocodile,1.0,0.76
2672,crocodile,1.0,0.9
2673,crocodile,1.0,0.9
2674,crocodile,1.0,0.85
2675,crocodile,1.0,0.72
2676,crocodile,1.0,0.87
2677,crocodile,1.0,0.86
2678,crocodile,1.0,0.75
2679,crocodile,1.0,0.82
2680,crocodile,1.0,0.85
2681,crocodile,1.0,0.84
2682,crocodile,1.0,0.76
2683,crocodile,1.0,0.82
2684,crocodile,1.0,0.76
2685,crocodile,1.0,0.74
2686,crocodile,1.0,0.88
2687,crocodile,1.0,0.81
2688,crocodile,1.0,0.84
2689,crocodile,1.0,0.77
2690,crocodile,0.9999,0.88
2691,crocodile,0.9994,0.81
2692,crocodile,0.9997,0.85
2693,crocodile,0.9989,0.73
2694,crocodile,0.9987,0.88
2695,crocodile,0.999,0.77
2696,crocodile,0.9978,0.94
2697,crocodile,0.9938,0.79
2698,crocodile,0.9969,0.88
2699,crocodile,0.9927,0.77
2700,crocodile,0.9962,0.88
2701,crocodile,0.9935,0.72
2702,crocodile,0.954,0.85
2703,crocodile,0.8723,0.83
2704,crocodile,0.9575,0.78
2705,crocodile,0.9209,0.79
2706,crocodile,0.8824,0.85
2707,crocodile,0.7794,0.8
2708,crocodile,0.8288,0.74
2709,crocodile,0.8388,0.91
2710,crocodile,0.8574,0.8
2711,crocodile,0.7908,0.87
2712,crocodile,0.8757,0.76
2713,crocodile,0.7959,0.91
2714,crocodile,0.9173,0.89
2715,crocodile,0.5844,0.77
2716,crocodile,0.8726,0.69
2717,crocodile,0.936,0.88
2718,crocodile,0.9262,0.86
2719,crocodile,0.9553,0.86
2720,crocodile,0.927,0.72
2721,crocodile,0.9782,0.9
2722,non-crocodile,0.6247,0.86
2723,non-crocodile,0.6575,0.82
2724,non-crocodile,0.7763,0.71
2725,non-crocodile,0.8195,0.93
2726,non-crocodile,0.7684,0.81
2727,non-crocodile,0.8195,0.87
2728,non-crocodile,0.6916,0.78
2729,non-crocodile,0.523,0.88
2730,non-crocodile,0.5005,0.76
2731,non-crocodile,0.6,0.85
2732,non-crocodile,0.6849,0.83
2733,non-crocodile,0.8751,0.82
2734,non-crocodile,0.5663,0.71
2735,non-crocodile,0.6504,0.81
2736,non-crocodile,0.5297,0.91
2737,non-crocodile,0.6766,0.73
2738,non-crocodile,0.6711,0.86
2739,non-crocodile,0.7552,0.78
2740,non-crocodile,0.6258,0.91
2741,non-crocodile,0.6445,0.81
2742,non-crocodile,0.616,0.88
2743,crocodile,0.5254,0.8
2744,non-crocodile,0.6232,0.86
2745,non-crocodile,0.6542,0.73
2746,non-crocodile,0.6825,0.8
2747,non-crocodile,0.7317,0.86
2748,non-crocodile,0.6573,0.88
2749,non-crocodile,0.5852,0.72
2750,non-crocodile,0.7675,0.79
2751,non-crocodile,0.7994,0.86
2752,non-crocodile,0.8539,0.75
2753,non-crocodile,0.5749,0.85
2754,crocodile,0.8266,0.74
2755,crocodile,0.5871,0.88
2756,crocodile,0.8518,0.78
2757,crocodile,0.6697,0.78
2758,crocodile,0.7118,0.87
2759,crocodile,0.6529,0.83
2760,crocodile,0.6955,0.76
2761,crocodile,0.6049,0.87
2762,crocodile,0.6744,0.89
2763,crocodile,0.5735,0.8
2764,crocodile,0.5929,0.88
2765,non-crocodile,0.5343,0.84
2766,crocodile,0.6286,0.76
2767,crocodile,0.6021,0.78
2768,crocodile,0.6988,0.92
2769,crocodile,0.8263,0.77
2770,crocodile,0.91,0.86
2771,crocodile,0.6388,0.75
2772,crocodile,0.7883,0.79
2773,crocodile,0.6197,0.74
2774,crocodile,0.6937,0.88
2775,crocodile,0.8219,0.88
2776,crocodile,0.8372,0.86
2777,crocodile,0.6732,0.74
2778,crocodile,0.6428,0.84
2779,non-crocodile,0.6763,0.89
2780,crocodile,0.5328,0.85
2781,crocodile,0.5943,0.76
2782,crocodile,0.6519,0.85
2783,crocodile,0.5467,0.79
2784,crocodile,0.6082,0.88
2785,crocodile,0.586,0.79
2786,crocodile,0.9327,0.89
2787,crocodile,0.7878,0.78
2788,crocodile,0.6445,0.89
2789,crocodile,0.649,0.85
2790,non-crocodile,0.5877,0.73
2791,crocodile,0.5231,0.81
2792,non-crocodile,0.7614,0.87
2793,non-crocodile,0.7057,0.88
2794,non-crocodile,0.8589,0.75
2795,non-crocodile,0.7984,0.89
2796,non-crocodile,0.8291,0.83
2797,non-crocodile,0.9069,0.85
2798,non-crocodile,0.923,0.73
2799,non-crocodile,0.9534,0.89
2800,non-crocodile,0.9233,0.85
2801,non-crocodile,0.957,0.82
2802,non-crocodile,0.9699,0.81
2803,non-crocodile,0.9824,0.82
2804,non-crocodile,0.9693,0.76
2805,non-crocodile,0.9652,0.9
2806,non-crocodile,0.9199,0.76
2807,non-crocodile,0.9083,0.85
2808,non-crocodile,0.9335,0.75
2809,non-crocodile,0.895,0.9
2810,non-crocodile,0.97,0.9
2811,non-crocodile,0.8781,0.8
2812,non-crocodile,0.7847,0.75
2813,non-crocodile,0.8318,0.86
2814,non-crocodile,0.9834,0.88
2815,non-crocodile,0.9813,0.74
2816,non-crocodile,0.9895,0.86
2817,non-crocodile,0.8854,0.79
2818,non-crocodile,0.9489,0.74
2819,non-crocodile,0.9726,0.74
2820,non-crocodile,0.9697,0.84
2821,non-crocodile,0.9549,0.8
2822,non-crocodile,0.9638,0.83
2823,non-crocodile,0.9799,0.75
2824,non-crocodile,0.9602,0.76
2825,non-crocodile,0.9741,0.92
2826,non-crocodile,0.9841,0.77
2827,non-crocodile,0.9934,0.83
2828,non-crocodile,0.9938,0.75
2829,crocodile,0.9998,0.89
2830,crocodile,0.9997,0.74
2831,crocodile,0.9998,0.88
2832,crocodile,0.9997,0.85
2833,crocodile,0.9998,0.84
2834,crocodile,0.9997,0.78
2835,crocodile,0.9997,0.93
2836,crocodile,0.9998,0.84
2837,crocodile,0.9996,0.85
2838,crocodile,0.9998,0.81
2839,crocodile,0.9998,0.93
2840,crocodile,0.9996,0.84
2841,crocodile,0.9997,0.87
2842,crocodile,0.9996,0.79
2843,crocodile,0.9997,0.78
2844,crocodile,0.9993,0.87
2845,crocodile,0.9995,0.89
2846,crocodile,0.999,0.82
2847,crocodile,0.9993,0.78
2848,crocodile,0.9984,0.88
2849,crocodile,0.9991,0.86
2850,crocodile,0.9989,0.82
2851,crocodile,0.999,0.73
2852,crocodile,0.9973,0.88
2853,crocodile,0.9947,0.8
2854,crocodile,0.9837,0.75
2855,crocodile,0.989,0.87
2856,crocodile,0.956,0.77
2857,crocodile,0.9849,0.82
2858,crocodile,0.9588,0.77
2859,crocodile,0.8807,0.9
2860,non-crocodile,0.6863,0.87
2861,non-crocodile,0.7991,0.82
2862,crocodile,0.5804,0.76
2863,non-crocodile,0.8655,0.92
2864,non-crocodile,0.9889,0.86
2865,non-crocodile,0.998,0.84
2866,non-crocodile,0.9996,0.76
2867,non-crocodile,0.9638,0.88
2868,non-crocodile,0.9851,0.86
2869,non-crocodile,0.7087,0.86
2870,non-crocodile,0.5502,0.77
2871,non-crocodile,0.5625,0.88
2872,non-crocodile,0.5648,0.84
2873,non-crocodile,0.6821,0.73
2874,non-crocodile,0.7003,0.78
2875,non-crocodile,0.7262,0.86
2876,non-crocodile,0.648,0.78
2877,non-crocodile,0.5037,0.88
2878,non-crocodile,0.7393,0.75
2879,crocodile,0.5922,0.86
2880,non-crocodile,0.7771,0.72
2881,non-crocodile,0.5474,0.88
2882,non-crocodile,0.7868,0.77
2883,non-crocodile,0.8136,0.8
2884,non-crocodile,0.8196,0.76
2885,non-crocodile,0.8309,0.92
2886,non-crocodile,0.842,0.73
2887,non-crocodile,0.6379,0.89
2888,non-crocodile,0.6561,0.77
2889,crocodile,0.5455,0.86
2890,crocodile,0.696,0.76
2891,crocodile,0.7709,0.91
2892,crocodile,0.7869,0.85
2893,crocodile,0.7409,0.83
2894,crocodile,0.8531,0.69
2895,crocodile,0.8594,0.9
2896,crocodile,0.8661,0.86
2897,crocodile,0.7848,0.76
2898,crocodile,0.8267,0.87
2899,crocodile,0.8225,0.86
2900,crocodile,0.7311,0.77
2901,crocodile,0.6576,0.75
2902,crocodile,0.8206,0.83
2903,crocodile,0.7833,0.77
2904,crocodile,0.8628,0.91
2905,crocodile,0.8269,0.87
2906,crocodile,0.8149,0.85
2907,crocodile,0.8263,0.74
2908,crocodile,0.7916,0.89
2909,crocodile,0.8276,0.81
2910,crocodile,0.8141,0.81
2911,crocodile,0.8298,0.75
2912,crocodile,0.8411,0.9
2913,crocodile,0.8105,0.87
2914,crocodile,0.8026,0.75
2915,crocodile,0.6638,0.76
2916,crocodile,0.7156,0.9
2917,crocodile,0.5968,0.78
2918,crocodile,0.7547,0.87
2919,crocodile,0.6267,0.7
2920,crocodile,0.699,0.88
2921,crocodile,0.6002,0.87
2922,crocodile,0.5741,0.86
2923,crocodile,0.6168,0.73
2924,crocodile,0.6858,0.87
2925,crocodile,0.6122,0.86
2926,crocodile,0.7944,0.77
2927,crocodile,0.6938,0.86
2928,crocodile,0.7677,0.84
2929,crocodile,0.6655,0.86
2930,crocodile,0.6695,0.76
2931,crocodile,0.7326,0.89
2932,crocodile,0.7265,0.67
2933,crocodile,0.7691,0.9
2934,crocodile,0.5934,0.79
2935,crocodile,0.6279,0.86
2936,crocodile,0.5483,0.89
2937,crocodile,0.5754,0.82
2938,crocodile,0.5467,0.75
2939,crocodile,0.5644,0.75
2940,crocodile,0.5779,0.9
2941,crocodile,0.6203,0.86
2942,crocodile,0.7129,0.82
2943,crocodile,0.7298,0.74
2944,crocodile,0.6642,0.87
2945,crocodile,0.5123,0.8
2946,crocodile,0.6542,0.86
2947,crocodile,0.8205,0.8
2948,crocodile,0.9017,0.83
2949,crocodile,0.9057,0.77
2950,crocodile,0.7059,0.89
2951,crocodile,0.7115,0.83
2952,non-crocodile,0.6702,0.84
2953,non-crocodile,0.6042,0.81
2954,crocodile,0.5459,0.89
2955,non-crocodile,0.5746,0.87
2956,non-crocodile,0.5759,0.76
2957,non-crocodile,0.7412,0.9
2958,non-crocodile,0.8278,0.84
2959,non-crocodile,0.8277,0.84
2960,non-crocodile,0.8597,0.78
2961,non-crocodile,0.7918,0.88
2962,non-crocodile,0.7804,0.85
2963,non-crocodile,0.7165,0.76
2964,non-crocodile,0.6999,0.91
2965,non-crocodile,0.7147,0.87
2966,non-crocodile,0.6968,0.84
2967,non-crocodile,0.6883,0.76
2968,non-crocodile,0.7169,0.9
2969,non-crocodile,0.8329,0.84
2970,non-crocodile,0.8903,0.86
2971,non-crocodile,0.9272,0.75
2972,non-crocodile,0.9269,0.84
2973,non-crocodile,0.9459,0.74
2974,non-crocodile,0.7582,0.89
2975,non-crocodile,0.6907,0.77
2976,non-crocodile,0.8023,0.87
2977,non-crocodile,0.7936,0.81
2978,non-crocodile,0.8456,0.75
2979,non-crocodile,0.8997,0.77
2980,non-crocodile,0.9287,0.88
2981,non-crocodile,0.881,0.84
2982,non-crocodile,0.933,0.85
2983,non-crocodile,0.8962,0.76
2984,non-crocodile,0.8633,0.88
2985,non-crocodile,0.8951,0.73
2986,non-crocodile,0.895,0.86
2987,non-crocodile,0.8845,0.76
2988,non-crocodile,0.8807,0.9
2989,non-crocodile,0.8656,0.72
2990,non-crocodile,0.902,0.77
2991,non-crocodile,0.8903,0.91
2992,non-crocodile,0.8771,0.83
2993,non-crocodile,0.6633,0.75
2994,non-crocodile,0.8134,0.78
2995,non-crocodile,0.7769,0.92
2996,crocodile,0.6244,0.76
2997,crocodile,0.5802,0.88
2998,crocodile,0.5346,0.75
2999,crocodile,0.578,0.84
3000,non-crocodile,0.5523,0.76
3001,crocodile,0.5965,0.73
3002,non-crocodile,0.8083,0.9
3003,non-crocodile,0.9223,0.88
3004,non-crocodile,0.9091,0.84
3005,non-crocodile,0.7439,0.74
3006,non-crocodile,0.9001,0.75
3007,non-crocodile,0.8213,0.9
3008,non-crocodile,0.5841,0.79
3009,non-crocodile,0.7672,0.84
3010,non-crocodile,0.7443,0.73
3011,non-crocodile,0.742,0.92
3012,non-crocodile,0.9785,0.84
3013,non-crocodile,0.9263,0.85
3014,non-crocodile,0.9506,0.73
3015,non-crocodile,0.9885,0.78
3016,non-crocodile,0.9793,0.88
3017,non-crocodile,0.9913,0.83
3018,non-crocodile,0.9819,0.74
3019,non-crocodile,0.9684,0.82
3020,non-crocodile,0.5626,0.89
3021,crocodile,0.972,0.76
3022,crocodile,0.9225,0.74
3023,crocodile,0.5158,0.92
3024,crocodile,0.9607,0.73
3025,non-crocodile,0.7228,0.83
3026,crocodile,0.9097,0.75
3027,crocodile,0.9876,0.9
3028,crocodile,0.9618,0.78
3029,crocodile,0.8665,0.87
3030,crocodile,0.6753,0.74
3031,crocodile,0.8917,0.88
3032,crocodile,0.9894,0.78
3033,crocodile,0.9816,0.9
3034,crocodile,0.9755,0.8
3035,crocodile,0.7746,0.81
3036,crocodile,0.7026,0.88
3037,crocodile,0.7818,0.86
3038,crocodile,0.9802,0.83
3039,crocodile,0.9695,0.76
3040,crocodile,0.9917,0.91
3041,crocodile,0.9948,0.79
3042,crocodile,0.9881,0.84
3043,crocodile,0.9528,0.73
3044,crocodile,0.9481,0.93
3045,crocodile,0.6429,0.81
3046,non-crocodile,0.7768,0.78
3047,non-crocodile,0.9845,0.7
3048,non-crocodile,0.9749,0.89
3049,non-crocodile,0.733,0.78
3050,non-crocodile,0.7649,0.9
3051,non-crocodile,0.9849,0.71
3052,non-crocodile,0.9698,0.89
3053,non-crocodile,0.9384,0.84
3054,non-crocodile,0.9437,0.8
3055,non-crocodile,0.9738,0.73
3056,non-crocodile,0.9929,0.77
3057,non-crocodile,0.9945,0.88
3058,non-crocodile,0.9697,0.75
3059,non-crocodile,0.9924,0.86
3060,non-crocodile,0.9275,0.8
3061,non-crocodile,0.9032,0.9
3062,non-crocodile,0.874,0.88
3063,non-crocodile,0.8308,0.76
3064,non-crocodile,0.9506,0.76
3065,non-crocodile,0.9904,0.76
3066,non-crocodile,0.9649,0.83
3067,non-crocodile,0.9879,0.82
3068,non-crocodile,0.9482,0.84
3069,non-crocodile,0.9835,0.77
3070,non-crocodile,0.9726,0.88
3071,non-crocodile,0.9468,0.74
3072,non-crocodile,0.9024,0.86
3073,non-crocodile,0.9552,0.8
3074,non-crocodile,0.903,0.9
3075,non-crocodile,0.9056,0.84
3076,non-crocodile,0.8476,0.82
3077,non-crocodile,0.7615,0.75
3078,non-crocodile,0.7815,0.86
3079,non-crocodile,0.9297,0.83
3080,non-crocodile,0.9404,0.78
3081,non-crocodile,0.9691,0.87
3082,non-crocodile,0.9555,0.84
3083,non-crocodile,0.9539,0.73
3084,non-crocodile,0.9603,0.82
3085,non-crocodile,0.9608,0.9
3086,non-crocodile,0.9486,0.79
3087,non-crocodile,0.9826,0.87
3088,non-crocodile,0.9327,0.7
3089,non-crocodile,0.948,0.77
3090,non-crocodile,0.935,0.87
3091,non-crocodile,0.9633,0.85
3092,non-crocodile,0.9485,0.79
3093,non-crocodile,0.9507,0.76
3094,non-crocodile,0.9093,0.86
3095,non-crocodile,0.951,0.79
3096,non-crocodile,0.9552,0.83
3097,non-crocodile,0.9638,0.76
3098,non-crocodile,0.9616,0.88
3099,non-crocodile,0.9795,0.78
3100,non-crocodile,0.9835,0.86
3101,non-crocodile,0.9836,0.83
3102,non-crocodile,0.9843,0.76
3103,non-crocodile,0.9701,0.73
3104,non-crocodile,0.9663,0.89
3105,non-crocodile,0.9753,0.86
3106,non-crocodile,0.96,0.83
3107,non-crocodile,0.9577,0.77
3108,non-crocodile,0.9753,0.82
3109,non-crocodile,0.973,0.78
3110,non-crocodile,0.9533,0.88
3111,non-crocodile,0.9604,0.77
3112,non-crocodile,0.9595,0.87
3113,non-crocodile,0.9173,0.84
3114,non-crocodile,0.9138,0.77
3115,non-crocodile,0.958,0.87
3116,non-crocodile,0.9496,0.86
3117,non-crocodile,0.9449,0.85
3118,non-crocodile,0.9647,0.78
3119,non-crocodile,0.9553,0.88
3120,non-crocodile,0.9646,0.86
3121,non-crocodile,0.8745,0.8
3122,non-crocodile,0.8613,0.75
3123,non-crocodile,0.7764,0.9
3124,non-crocodile,0.7839,0.86
3125,non-crocodile,0.7708,0.8
3126,crocodile,0.5593,0.77
3127,non-crocodile,0.5451,0.78
3128,crocodile,0.5919,0.9
3129,crocodile,0.6453,0.74
3130,crocodile,0.7105,0.87
3131,crocodile,0.7707,0.78
3132,crocodile,0.8702,0.9
3133,crocodile,0.9754,0.84
3134,crocodile,0.9895,0.82
3135,crocodile,0.9894,0.75
3136,crocodile,0.9845,0.88
3137,crocodile,0.986,0.86
3138,crocodile,0.9793,0.81
3139,crocodile,0.9842,0.78
3140,non-crocodile,0.8112,0.87
3141,non-crocodile,0.9378,0.84
3142,non-crocodile,0.918,0.73
3143,non-crocodile,0.9046,0.87
3144,non-crocodile,0.595,0.85
3145,non-crocodile,0.6632,0.75
3146,non-crocodile,0.556,0.84
3147,non-crocodile,0.9129,0.82
3148,non-crocodile,0.5956,0.86
3149,non-crocodile,0.6484,0.75
3150,crocodile,0.5277,0.77
3151,crocodile,0.6982,0.87
3152,crocodile,0.7352,0.85
3153,non-crocodile,0.692,0.81
3154,crocodile,0.8602,0.73
3155,crocodile,0.8268,0.87
3156,crocodile,0.9065,0.87
3157,crocodile,0.9778,0.78
3158,crocodile,0.9726,0.72
3159,crocodile,0.9907,0.91
3160,crocodile,0.9938,0.86
3161,crocodile,0.9954,0.79
3162,crocodile,0.9935,0.76
3163,crocodile,0.9984,0.86
3164,crocodile,0.9988,0.74
3165,crocodile,0.9966,0.92
3166,crocodile,0.9995,0.83
3167,crocodile,0.9992,0.79
3168,crocodile,0.9997,0.9
3169,crocodile,0.9999,0.88
3170,crocodile,1.0,0.73
3171,crocodile,1.0,0.89
3172,crocodile,0.9999,0.89
3173,crocodile,0.9999,0.86
3174,crocodile,0.9977,0.77
3175,crocodile,0.9675,0.9
3176,crocodile,0.9819,0.83
3177,crocodile,0.9073,0.73
3178,crocodile,0.5443,0.8
3179,non-crocodile,0.6457,0.83
3180,non-crocodile,0.7533,0.77
3181,non-crocodile,0.7171,0.92
3182,non-crocodile,0.9208,0.86
3183,non-crocodile,0.9122,0.73
3184,non-crocodile,0.9415,0.76
3185,non-crocodile,0.9214,0.85
3186,non-crocodile,0.704,0.87
3187,non-crocodile,0.8179,0.73
3188,non-crocodile,0.8351,0.76
3189,non-crocodile,0.5585,0.9
3190,non-crocodile,0.9099,0.76
3191,non-crocodile,0.7771,0.86
3192,crocodile,0.5331,0.51
3193,non-crocodile,0.7974,0.5
3194,crocodile,0.6107,0.58
3195,non-crocodile,0.6376,0.61
3196,non-crocodile,0.7868,0.64
3197,non-crocodile,0.9446,0.68
3198,non-crocodile,0.9567,0.25
3199,non-crocodile,0.9586,0.5
3200,crocodile,1.0,0.66
3201,crocodile,0.9999,0.74
3202,crocodile,1.0,0.68
3203,crocodile,1.0,0.9
3204,crocodile,1.0,0.63
3205,crocodile,1.0,0.9
3206,crocodile,1.0,0.86
3207,crocodile,1.0,0.85
3208,crocodile,1.0,0.76
3209,crocodile,1.0,0.9
3210,crocodile,1.0,0.73
3211,crocodile,0.9999,0.88
3212,crocodile,0.9999,0.78
3213,crocodile,0.9985,0.76
3214,crocodile,0.9786,0.74
3215,crocodile,0.9801,0.89
3216,crocodile,0.9982,0.88
3217,crocodile,0.9999,0.84
3218,crocodile,0.9999,0.71
3219,crocodile,0.9998,0.87
3220,crocodile,0.9999,0.85
3221,crocodile,0.9994,0.71
3222,crocodile,0.9996,0.73
3223,crocodile,0.9998,0.76
3224,crocodile,0.9999,0.87
3225,crocodile,0.9993,0.87
3226,crocodile,0.9994,0.81
3227,crocodile,0.9997,0.71
3228,crocodile,0.9998,0.86
3229,crocodile,0.9999,0.74
3230,crocodile,0.9995,0.74
3231,crocodile,0.9992,0.89
3232,crocodile,0.9998,0.85
3233,crocodile,0.9995,0.87
3234,crocodile,0.999,0.72
3235,crocodile,0.9986,0.86
3236,crocodile,0.9992,0.86
3237,crocodile,0.9994,0.83
3238,crocodile,0.9998,0.72
3239,crocodile,0.9997,0.81
3240,crocodile,0.9997,0.87
3241,crocodile,0.9996,0.76
3242,crocodile,0.9998,0.87
3243,crocodile,0.9995,0.72
3244,crocodile,0.9995,0.87
3245,crocodile,0.9996,0.85
3246,crocodile,0.9989,0.84
3247,crocodile,0.9994,0.76
3248,crocodile,0.9986,0.92
3249,crocodile,0.9992,0.85
3250,crocodile,0.9991,0.84
3251,crocodile,0.9994,0.74
3252,crocodile,0.9993,0.9
3253,crocodile,0.9986,0.86
3254,crocodile,0.9992,0.8
3255,crocodile,0.9992,0.83
3256,crocodile,0.9996,0.88
3257,crocodile,0.9988,0.76
3258,crocodile,0.9993,0.78
3259,crocodile,0.9985,0.81
3260,crocodile,0.9984,0.75
3261,crocodile,0.9954,0.86
3262,crocodile,0.9974,0.87
3263,crocodile,0.9982,0.81
3264,crocodile,0.9938,0.73
3265,crocodile,0.9818,0.88
3266,crocodile,0.9482,0.85
3267,crocodile,0.9505,0.72
3268,crocodile,0.9896,0.91
3269,crocodile,0.9947,0.83
3270,crocodile,0.991,0.72
3271,crocodile,0.9662,0.84
3272,crocodile,0.9631,0.71
3273,crocodile,0.9919,0.9
3274,crocodile,0.9855,0.85
3275,crocodile,0.9902,0.8
3276,crocodile,0.9757,0.8
3277,crocodile,0.9641,0.84
3278,crocodile,0.9796,0.84
3279,crocodile,0.9832,0.71
3280,crocodile,0.9897,0.76
3281,crocodile,0.9819,0.87
3282,crocodile,0.9799,0.86
3283,crocodile,0.975,0.81
3284,crocodile,0.9743,0.79
3285,crocodile,0.9638,0.88
3286,crocodile,0.9832,0.84
3287,crocodile,0.9874,0.83
3288,crocodile,0.9873,0.72
3289,crocodile,0.9868,0.8
3290,crocodile,0.9931,0.73
3291,crocodile,0.9896,0.75
3292,crocodile,0.9844,0.8
3293,crocodile,0.9907,0.87
3294,crocodile,0.9879,0.84
3295,crocodile,0.9805,0.74
3296,crocodile,0.9841,0.82
3297,crocodile,0.9706,0.87
3298,crocodile,0.9725,0.83
3299,crocodile,0.9708,0.76
3300,crocodile,0.9761,0.82
3301,crocodile,0.9832,0.72
3302,crocodile,0.9838,0.89
3303,crocodile,0.9874,0.88
3304,crocodile,0.9879,0.71
3305,crocodile,0.9855,0.9
3306,crocodile,0.9889,0.84
3307,crocodile,0.991,0.87
3308,crocodile,0.9912,0.71
3309,crocodile,0.9909,0.78
3310,crocodile,0.9912,0.87
3311,crocodile,0.9904,0.77
3312,crocodile,0.9923,0.86
3313,crocodile,0.9934,0.71
3314,crocodile,0.9909,0.89
3315,crocodile,0.9925,0.82
3316,crocodile,0.9875,0.85
3317,crocodile,0.9926,0.78
3318,crocodile,0.9941,0.88
3319,crocodile,0.9931,0.87
3320,crocodile,0.993,0.82
3321,crocodile,0.9948,0.75
3322,crocodile,0.9895,0.75
3323,crocodile,0.9748,0.89
3324,crocodile,0.9624,0.88
3325,crocodile,0.9181,0.85
3326,crocodile,0.9387,0.78
3327,crocodile,0.9823,0.88
3328,crocodile,0.9692,0.86
3329,crocodile,0.9698,0.74
3330,crocodile,0.9857,0.88
3331,crocodile,0.9714,0.87
3332,crocodile,0.9737,0.76
3333,crocodile,0.967,0.75
3334,crocodile,0.9909,0.91
3335,crocodile,0.991,0.88
3336,crocodile,0.9937,0.76
3337,crocodile,0.9925,0.76
3338,crocodile,0.9965,0.89
3339,crocodile,0.9946,0.86
3340,crocodile,0.9964,0.82
3341,crocodile,0.9971,0.74
3342,crocodile,0.9977,0.86
3343,crocodile,0.9972,0.85
3344,crocodile,0.9982,0.78
3345,crocodile,0.9979,0.88
3346,crocodile,0.9977,0.86
3347,crocodile,0.9988,0.82
3348,crocodile,0.9986,0.75
3349,crocodile,0.9987,0.72
3350,crocodile,0.9994,0.88
3351,crocodile,0.9995,0.8
3352,crocodile,0.999,0.89
3353,crocodile,0.9998,0.76
3354,crocodile,0.9999,0.84
3355,crocodile,0.9999,0.86
3356,crocodile,0.9999,0.85
3357,crocodile,0.9999,0.76
3358,crocodile,0.9999,0.77
3359,crocodile,1.0,0.85
3360,crocodile,0.9999,0.75
3361,crocodile,1.0,0.9
3362,crocodile,1.0,0.73
3363,crocodile,1.0,0.77
3364,crocodile,1.0,0.76
3365,crocodile,1.0,0.88
3366,crocodile,1.0,0.74
3367,crocodile,1.0,0.9
3368,crocodile,1.0,0.86
3369,crocodile,1.0,0.84
3370,crocodile,1.0,0.75
3371,crocodile,1.0,0.89
3372,crocodile,1.0,0.76
3373,crocodile,1.0,0.88
3374,crocodile,1.0,0.75
3375,crocodile,1.0,0.88
3376,crocodile,1.0,0.75
3377,crocodile,1.0,0.93
3378,crocodile,1.0,0.84
3379,crocodile,1.0,0.85
3380,crocodile,0.9999,0.79
3381,crocodile,0.9999,0.88
3382,crocodile,0.9999,0.87
3383,crocodile,0.9999,0.81
3384,crocodile,1.0,0.75
3385,crocodile,1.0,0.88
3386,crocodile,0.9999,0.87
3387,crocodile,1.0,0.81
3388,crocodile,1.0,0.75
3389,crocodile,0.9996,0.88
3390,crocodile,0.8806,0.83
3391,crocodile,0.7396,0.75
3392,crocodile,0.6722,0.92
3393,crocodile,0.9164,0.88
3394,crocodile,0.9383,0.78
3395,crocodile,0.9781,0.85
3396,crocodile,0.986,0.9
3397,crocodile,0.9467,0.78
3398,crocodile,0.9605,0.88
3399,crocodile,0.949,0.82
3400,crocodile,0.9533,0.77
3401,crocodile,0.9917,0.87
3402,crocodile,0.9917,0.78
3403,crocodile,0.9881,0.89
3404,crocodile,0.9956,0.77
3405,crocodile,0.9984,0.9
3406,crocodile,0.998,0.81
3407,crocodile,0.9973,0.89
3408,crocodile,0.9986,0.74
3409,crocodile,0.9977,0.74
3410,crocodile,0.9987,0.86
3411,crocodile,0.9991,0.88
3412,crocodile,0.9996,0.82
3413,crocodile,0.9991,0.75
3414,crocodile,0.9994,0.9
3415,crocodile,0.9993,0.83
3416,crocodile,0.9983,0.71
3417,crocodile,0.996,0.82
3418,crocodile,0.9984,0.87
3419,crocodile,0.9965,0.78
3420,crocodile,0.9972,0.85
3421,crocodile,0.9963,0.78
3422,crocodile,0.9955,0.92
3423,crocodile,0.9927,0.84
3424,crocodile,0.9955,0.81
3425,crocodile,0.998,0.79
3426,crocodile,0.9974,0.89
3427,crocodile,0.9967,0.85
3428,crocodile,0.9988,0.72
3429,crocodile,0.9967,0.79
3430,crocodile,0.9984,0.91
3431,crocodile,0.9979,0.78
3432,crocodile,0.9977,0.77
3433,crocodile,0.9991,0.88
3434,crocodile,0.9989,0.78
3435,crocodile,0.9995,0.89
3436,crocodile,0.9993,0.72
3437,crocodile,0.999,0.92
3438,crocodile,0.9986,0.88
3439,crocodile,0.9986,0.84
3440,crocodile,0.9986,0.77
3441,crocodile,0.9984,0.83
3442,crocodile,0.9971,0.84
3443,crocodile,0.998,0.86
3444,crocodile,0.9988,0.77
3445,crocodile,0.9988,0.74
3446,crocodile,0.9992,0.88
3447,crocodile,0.9993,0.83
3448,crocodile,0.9995,0.83
3449,crocodile,0.9992,0.72
3450,crocodile,0.9995,0.89
3451,crocodile,0.9994,0.76
3452,crocodile,0.9993,0.9
3453,crocodile,0.9995,0.8
3454,crocodile,0.9994,0.77
3455,crocodile,0.999,0.89
3456,crocodile,0.9995,0.87
3457,crocodile,0.9996,0.83
3458,crocodile,0.9996,0.78
3459,crocodile,0.9996,0.91
3460,crocodile,0.9995,0.88
3461,crocodile,0.9993,0.88
3462,crocodile,0.9996,0.79
3463,crocodile,0.9994,0.8
3464,crocodile,0.9992,0.86
3465,crocodile,0.9991,0.8
3466,crocodile,0.9984,0.78
3467,crocodile,0.9987,0.71
3468,crocodile,0.999,0.88
3469,crocodile,0.9992,0.89
3470,crocodile,0.9974,0.72
3471,crocodile,0.8926,0.88
3472,crocodile,0.8991,0.75
3473,crocodile,0.9239,0.89
3474,crocodile,0.8901,0.83
3475,crocodile,0.9055,0.75
3476,crocodile,0.9126,0.9
3477,crocodile,0.9211,0.86
3478,crocodile,0.9178,0.76
3479,crocodile,0.9136,0.77
3480,crocodile,0.9128,0.88
3481,crocodile,0.9207,0.87
3482,crocodile,0.9165,0.81
3483,crocodile,0.9055,0.77
3484,crocodile,0.879,0.77
3485,crocodile,0.9043,0.91
3486,crocodile,0.8962,0.73
3487,crocodile,0.9299,0.83
3488,crocodile,0.9465,0.73
3489,crocodile,0.9364,0.92
3490,crocodile,0.9689,0.85
3491,crocodile,0.9558,0.79
3492,crocodile,0.9198,0.76
3493,crocodile,0.926,0.89
3494,crocodile,0.8566,0.9
3495,crocodile,0.8742,0.81
3496,crocodile,0.8575,0.76
3497,crocodile,0.8132,0.88
3498,crocodile,0.7608,0.87
3499,crocodile,0.7291,0.69
3500,crocodile,0.8276,0.77
3501,crocodile,0.8647,0.87
3502,crocodile,0.8612,0.86
3503,crocodile,0.9436,0.74
3504,crocodile,0.8562,0.73
3505,crocodile,0.8869,0.86
3506,crocodile,0.8888,0.9
3507,crocodile,0.8227,0.77
3508,crocodile,0.7703,0.9
3509,crocodile,0.669,0.84
3510,crocodile,0.5554,0.75
3511,crocodile,0.6999,0.75
3512,non-crocodile,0.5259,0.89
3513,crocodile,0.5308,0.74
3514,crocodile,0.6418,0.88
3515,crocodile,0.6395,0.75
3516,non-crocodile,0.5726,0.9
3517,crocodile,0.547,0.85
3518,non-crocodile,0.5534,0.85
3519,non-crocodile,0.7197,0.75
3520,crocodile,0.6192,0.84
3521,crocodile,0.5229,0.74
3522,crocodile,0.7197,0.75
3523,crocodile,0.7307,0.88
3524,crocodile,0.5933,0.81
3525,crocodile,0.6353,0.85
3526,crocodile,0.5134,0.76
3527,crocodile,0.6452,0.9
3528,crocodile,0.7495,0.86
3529,crocodile,0.8705,0.84
3530,crocodile,0.8912,0.76
3531,crocodile,0.935,0.9
3532,crocodile,0.9183,0.85
3533,crocodile,0.8552,0.85
3534,crocodile,0.7221,0.77
3535,crocodile,0.7656,0.91
3536,crocodile,0.7531,0.85
3537,crocodile,0.6196,0.85
3538,crocodile,0.5894,0.76
3539,non-crocodile,0.7034,0.89
3540,non-crocodile,0.5573,0.87
3541,non-crocodile,0.6207,0.82
3542,crocodile,0.5065,0.81
3543,crocodile,0.5064,0.88
3544,crocodile,0.5403,0.87
3545,crocodile,0.5274,0.78
3546,non-crocodile,0.7491,0.77
3547,crocodile,0.5862,0.85
3548,crocodile,0.8741,0.82
3549,crocodile,0.9482,0.76
3550,crocodile,0.8197,0.88
3551,crocodile,0.7817,0.74
3552,crocodile,0.534,0.87
3553,non-crocodile,0.7027,0.79
3554,non-crocodile,0.7535,0.86
3555,non-crocodile,0.6214,0.76
3556,non-crocodile,0.6117,0.89
3557,non-crocodile,0.5341,0.81
3558,non-crocodile,0.5347,0.86
3559,non-crocodile,0.7275,0.8
3560,non-crocodile,0.6716,0.89
3561,non-crocodile,0.7021,0.83
3562,non-crocodile,0.8366,0.88
3563,non-crocodile,0.8724,0.77
3564,non-crocodile,0.953,0.9
3565,non-crocodile,0.9557,0.84
3566,non-crocodile,0.9753,0.81
3567,non-crocodile,0.9721,0.77
3568,non-crocodile,0.9755,0.92
3569,non-crocodile,0.9788,0.88
3570,non-crocodile,0.9694,0.8
3571,non-crocodile,0.954,0.76
3572,non-crocodile,0.9593,0.89
3573,non-crocodile,0.9175,0.91
3574,non-crocodile,0.8842,0.78
3575,non-crocodile,0.9451,0.77
3576,non-crocodile,0.9027,0.81
3577,non-crocodile,0.8687,0.86
3578,non-crocodile,0.8278,0.72
3579,non-crocodile,0.8842,0.9
3580,non-crocodile,0.949,0.9
3581,non-crocodile,0.9323,0.73
3582,non-crocodile,0.9232,0.77
3583,non-crocodile,0.9307,0.89
3584,non-crocodile,0.8493,0.87
3585,non-crocodile,0.8451,0.87
3586,non-crocodile,0.8854,0.73
3587,non-crocodile,0.698,0.91
3588,non-crocodile,0.6855,0.89
3589,non-crocodile,0.8208,0.84
3590,crocodile,0.5025,0.72
3591,non-crocodile,0.6319,0.88
3592,non-crocodile,0.6945,0.84
3593,non-crocodile,0.7257,0.75
3594,non-crocodile,0.9117,0.92
3595,non-crocodile,0.8751,0.79
3596,non-crocodile,0.8179,0.82
3597,non-crocodile,0.7693,0.75
3598,non-crocodile,0.8072,0.92
3599,non-crocodile,0.9469,0.69
3600,non-crocodile,0.9759,0.85
3601,non-crocodile,0.8633,0.77
3602,non-crocodile,0.9728,0.9
3603,non-crocodile,0.8607,0.78
3604,non-crocodile,0.9245,0.77
3605,non-crocodile,0.9168,0.9
3606,non-crocodile,0.8595,0.87
3607,non-crocodile,0.8289,0.8
3608,non-crocodile,0.881,0.76
3609,non-crocodile,0.5138,0.85
3610,crocodile,0.6823,0.77
3611,crocodile,0.5184,0.83
3612,non-crocodile,0.5926,0.74
3613,non-crocodile,0.6985,0.92
3614,non-crocodile,0.9472,0.9
3615,non-crocodile,0.8795,0.75
3616,non-crocodile,0.9986,0.76
3617,non-crocodile,0.9945,0.8
3618,non-crocodile,0.9961,0.88
3619,non-crocodile,0.9949,0.82
3620,non-crocodile,0.9838,0.76
3621,non-crocodile,0.9973,0.81
3622,non-crocodile,0.9991,0.89
3623,non-crocodile,0.9933,0.76
3624,non-crocodile,0.9947,0.85
3625,non-crocodile,0.9786,0.77
3626,non-crocodile,0.9665,0.92
3627,non-crocodile,0.9766,0.87
3628,non-crocodile,0.8332,0.86
3629,non-crocodile,0.5019,0.76
3630,non-crocodile,0.7766,0.75
3631,non-crocodile,0.8246,0.88
3632,non-crocodile,0.7487,0.83
3633,non-crocodile,0.5369,0.78
3634,non-crocodile,0.7376,0.91
3635,non-crocodile,0.6603,0.86
3636,non-crocodile,0.6051,0.74
3637,crocodile,0.9955,0.88
3638,crocodile,0.9974,0.88
3639,crocodile,0.999,0.77
3640,crocodile,0.9989,0.72
3641,crocodile,0.9994,0.89
3642,crocodile,0.9972,0.73
3643,crocodile,0.9993,0.89
3644,crocodile,0.999,0.76
3645,crocodile,0.9995,0.88
3646,crocodile,0.9996,0.87
3647,crocodile,0.9999,0.86
3648,crocodile,0.9991,0.71
3649,crocodile,0.9978,0.82
3650,crocodile,0.6817,0.87
3651,non-crocodile,0.8643,0.73
3652,non-crocodile,0.9793,0.82
3653,non-crocodile,0.8145,0.78
3654,crocodile,0.9753,0.89
3655,crocodile,0.9922,0.85
3656,crocodile,0.859,0.84
3657,crocodile,0.9245,0.79
3658,crocodile,0.8712,0.89
3659,crocodile,0.7449,0.87
3660,crocodile,0.9214,0.8
3661,crocodile,0.5637,0.78
3662,crocodile,0.7651,0.91
3663,crocodile,0.6837,0.88
3664,crocodile,0.5918,0.85
3665,crocodile,0.6935,0.74
3666,crocodile,0.8554,0.87
3667,crocodile,0.8636,0.89
3668,crocodile,0.9134,0.86
3669,crocodile,0.9765,0.7
3670,crocodile,0.9789,0.84
3671,crocodile,0.9737,0.84
3672,crocodile,0.9762,0.77
3673,crocodile,0.9482,0.85
3674,crocodile,0.9762,0.76
3675,crocodile,0.966,0.89
3676,crocodile,0.9639,0.8
3677,crocodile,0.9782,0.85
3678,crocodile,0.9808,0.76
3679,crocodile,0.9773,0.92
3680,crocodile,0.9278,0.88
3681,crocodile,0.9489,0.83
3682,crocodile,0.9719,0.76
3683,crocodile,0.9928,0.95
3684,crocodile,0.9955,0.86
3685,crocodile,0.9976,0.84
3686,crocodile,0.9945,0.7
3687,crocodile,0.9991,0.94
3688,crocodile,0.9995,0.79
3689,crocodile,0.9997,0.83
3690,crocodile,0.9998,0.71
3691,crocodile,0.9998,0.91
3692,crocodile,0.9996,0.88
3693,crocodile,0.9996,0.8
3694,crocodile,0.9998,0.87
3695,crocodile,0.9996,0.87
3696,crocodile,0.9997,0.8
3697,crocodile,0.9998,0.92
3698,crocodile,0.9999,0.85
3699,crocodile,0.9997,0.75
3700,crocodile,0.9998,0.88
3701,crocodile,0.9998,0.86
3702,crocodile,0.9998,0.74
3703,crocodile,0.9998,0.87
3704,crocodile,0.9994,0.73
3705,crocodile,0.9994,0.89
3706,crocodile,0.999,0.77
3707,crocodile,0.9993,0.81
3708,crocodile,0.9995,0.77
3709,crocodile,0.9996,0.93
3710,crocodile,0.9995,0.87
3711,crocodile,0.9992,0.81
3712,crocodile,0.9991,0.78
3713,crocodile,0.9994,0.9
3714,crocodile,0.9994,0.87
3715,crocodile,0.9996,0.8
3716,crocodile,0.9996,0.78
3717,crocodile,0.9997,0.9
3718,crocodile,0.8901,0.84
3719,crocodile,0.96,0.73
3720,crocodile,0.9854,0.86
3721,crocodile,0.9798,0.82
3722,crocodile,0.9919,0.76
3723,crocodile,0.9938,0.88
3724,crocodile,0.9907,0.77
3725,crocodile,0.9512,0.89
3726,crocodile,0.9685,0.81
3727,crocodile,0.9385,0.9
3728,non-crocodile,0.9792,0.74
3729,non-crocodile,0.9732,0.79
3730,non-crocodile,0.9982,0.88
3731,non-crocodile,0.9969,0.88
3732,non-crocodile,0.9931,0.83
3733,non-crocodile,0.9748,0.76
3734,non-crocodile,0.9865,0.89
3735,non-crocodile,0.9795,0.84
3736,non-crocodile,0.9908,0.72
3737,non-crocodile,0.9887,0.88
3738,non-crocodile,0.984,0.85
3739,non-crocodile,0.9741,0.77
3740,non-crocodile,0.9484,0.77
3741,non-crocodile,0.9253,0.9
3742,non-crocodile,0.9186,0.79
3743,non-crocodile,0.5421,0.87
3744,crocodile,0.587,0.63
3745,non-crocodile,0.5122,0.83
3746,crocodile,0.7305,0.85
3747,crocodile,0.85,0.75
3748,crocodile,0.868,0.86
3749,crocodile,0.8593,0.77
3750,crocodile,0.8561,0.91
3751,crocodile,0.9306,0.76
3752,crocodile,0.9436,0.84
3753,crocodile,0.7988,0.78
3754,crocodile,0.9198,0.87
3755,crocodile,0.8148,0.85
3756,crocodile,0.9445,0.85
3757,crocodile,0.9066,0.79
3758,crocodile,0.7974,0.89
3759,crocodile,0.8903,0.88
3760,crocodile,0.7764,0.85
3761,crocodile,0.8058,0.79
3762,crocodile,0.8339,0.88
3763,crocodile,0.8294,0.84
3764,crocodile,0.8934,0.85
3765,crocodile,0.8636,0.75
3766,crocodile,0.9524,0.91
3767,crocodile,0.9817,0.87
3768,crocodile,0.9307,0.85
3769,crocodile,0.9538,0.73
3770,crocodile,0.9429,0.9
3771,crocodile,0.9718,0.88
3772,crocodile,0.9807,0.87
3773,crocodile,0.9791,0.75
3774,crocodile,0.9821,0.88
3775,crocodile,0.9738,0.86
3776,crocodile,0.9768,0.75
3777,crocodile,0.9819,0.87
3778,crocodile,0.9816,0.88
3779,crocodile,0.9846,0.82
3780,crocodile,0.9891,0.8
3781,crocodile,0.9772,0.92
3782,crocodile,0.9858,0.82
3783,crocodile,0.9937,0.78
3784,crocodile,0.9924,0.9
3785,crocodile,0.9904,0.88
3786,crocodile,0.9879,0.74
3787,crocodile,0.9908,0.92
3788,crocodile,0.9874,0.89
3789,crocodile,0.9815,0.88
3790,crocodile,0.9743,0.73
3791,crocodile,0.982,0.87
3792,crocodile,0.9828,0.8
3793,crocodile,0.981,0.84
3794,crocodile,0.9824,0.74
3795,crocodile,0.977,0.87
3796,crocodile,0.9824,0.73
3797,crocodile,0.9769,0.84
3798,crocodile,0.9747,0.7
3799,crocodile,0.9861,0.87
3800,crocodile,0.9836,0.86
3801,crocodile,0.9758,0.71
3802,crocodile,0.9776,0.89
3803,crocodile,0.9821,0.74
3804,crocodile,0.988,0.89
3805,crocodile,0.989,0.65
3806,crocodile,0.9844,0.79
3807,crocodile,0.9819,0.83
3808,crocodile,0.9825,0.72
3809,crocodile,0.9811,0.92
3810,crocodile,0.9845,0.69
3811,crocodile,0.9937,0.83
3812,crocodile,0.9858,0.75
3813,crocodile,0.9905,0.86
3814,crocodile,0.9812,0.87
3815,crocodile,0.9938,0.82
3816,crocodile,0.9923,0.77
3817,crocodile,0.98,0.87
3818,crocodile,0.9896,0.74
3819,crocodile,0.9796,0.82
3820,crocodile,0.9706,0.77
3821,crocodile,0.9612,0.92
3822,crocodile,0.9418,0.87
3823,crocodile,0.942,0.83
3824,crocodile,0.965,0.76
3825,crocodile,0.9589,0.77
3826,crocodile,0.9341,0.76
3827,crocodile,0.7933,0.83
3828,non-crocodile,0.7947,0.84
3829,non-crocodile,0.8032,0.88
3830,non-crocodile,0.8045,0.78
3831,non-crocodile,0.8984,0.74
3832,non-crocodile,0.8846,0.92
3833,non-crocodile,0.8829,0.81
3834,non-crocodile,0.8657,0.91
3835,non-crocodile,0.8452,0.72
3836,non-crocodile,0.845,0.92
3837,non-crocodile,0.8595,0.8
3838,non-crocodile,0.8401,0.91
3839,non-crocodile,0.8937,0.81
3840,non-crocodile,0.8908,0.77
3841,non-crocodile,0.9022,0.91
3842,non-crocodile,0.9006,0.91
3843,non-crocodile,0.8806,0.84
3844,non-crocodile,0.9292,0.75
3845,non-crocodile,0.9171,0.7
3846,non-crocodile,0.9102,0.91
3847,non-crocodile,0.9477,0.88
3848,non-crocodile,0.9226,0.78
3849,non-crocodile,0.8753,0.8
3850,non-crocodile,0.8849,0.92
3851,non-crocodile,0.8677,0.87
3852,non-crocodile,0.8874,0.85
3853,non-crocodile,0.9064,0.76
3854,non-crocodile,0.8978,0.86
3855,non-crocodile,0.8703,0.88
3856,non-crocodile,0.8992,0.79
3857,non-crocodile,0.8822,0.78
3858,non-crocodile,0.8641,0.76
3859,non-crocodile,0.8701,0.85
3860,non-crocodile,0.7915,0.75
3861,non-crocodile,0.8557,0.87
3862,non-crocodile,0.8714,0.77
3863,non-crocodile,0.8818,0.91
3864,non-crocodile,0.8683,0.83
3865,non-crocodile,0.9033,0.82
3866,non-crocodile,0.8937,0.75
3867,non-crocodile,0.9025,0.78
3868,non-crocodile,0.8454,0.9
3869,non-crocodile,0.8547,0.89
3870,non-crocodile,0.8942,0.87
3871,non-crocodile,0.8913,0.74
3872,non-crocodile,0.9083,0.88
3873,non-crocodile,0.9014,0.84
3874,non-crocodile,0.9418,0.86
3875,non-crocodile,0.9468,0.77
3876,non-crocodile,0.956,0.9
3877,non-crocodile,0.9487,0.73
3878,non-crocodile,0.9442,0.78
3879,non-crocodile,0.958,0.86
3880,non-crocodile,0.9415,0.77
3881,non-crocodile,0.9335,0.87
3882,non-crocodile,0.928,0.86
3883,non-crocodile,0.9359,0.85
3884,non-crocodile,0.956,0.79
3885,non-crocodile,0.9575,0.86
3886,non-crocodile,0.9404,0.87
3887,non-crocodile,0.9445,0.85
3888,non-crocodile,0.9601,0.78
3889,non-crocodile,0.948,0.91
3890,non-crocodile,0.9492,0.81
3891,non-crocodile,0.9332,0.83
3892,non-crocodile,0.9239,0.75
3893,non-crocodile,0.9473,0.88
3894,non-crocodile,0.9513,0.82
3895,non-crocodile,0.9559,0.71
3896,non-crocodile,0.906,0.83
3897,non-crocodile,0.8951,0.88
3898,non-crocodile,0.8553,0.73
3899,non-crocodile,0.9224,0.88
3900,non-crocodile,0.9238,0.77
3901,non-crocodile,0.9115,0.83
3902,non-crocodile,0.9035,0.84
3903,non-crocodile,0.9482,0.88
3904,non-crocodile,0.9444,0.73
3905,non-crocodile,0.9441,0.76
3906,non-crocodile,0.9129,0.83
3907,non-crocodile,0.9343,0.75
3908,non-crocodile,0.9408,0.9
3909,non-crocodile,0.9371,0.86
3910,non-crocodile,0.9291,0.74
3911,non-crocodile,0.9398,0.8
3912,non-crocodile,0.9362,0.89
3913,non-crocodile,0.91,0.84
3914,non-crocodile,0.9477,0.74
3915,non-crocodile,0.9187,0.78
3916,non-crocodile,0.7964,0.89
3917,non-crocodile,0.8292,0.88
3918,non-crocodile,0.8856,0.79
3919,non-crocodile,0.8985,0.84
3920,non-crocodile,0.8588,0.86
3921,non-crocodile,0.9062,0.75
3922,non-crocodile,0.9065,0.79
3923,non-crocodile,0.9261,0.91
3924,non-crocodile,0.9452,0.74
3925,non-crocodile,0.9529,0.84
3926,non-crocodile,0.9391,0.8
3927,non-crocodile,0.9294,0.84
3928,non-crocodile,0.8822,0.86
3929,non-crocodile,0.9684,0.85
3930,non-crocodile,0.9336,0.75
3931,non-crocodile,0.9727,0.84
3932,non-crocodile,0.9353,0.86
3933,non-crocodile,0.9047,0.79
3934,non-crocodile,0.8745,0.89
3935,non-crocodile,0.8034,0.85
3936,crocodile,0.6278,0.76
3937,non-crocodile,0.8948,0.74
3938,non-crocodile,0.758,0.91
3939,non-crocodile,0.6751,0.79
3940,non-crocodile,0.6011,0.9
3941,non-crocodile,0.8642,0.77
3942,non-crocodile,0.5164,0.78
3943,crocodile,0.5551,0.88
3944,crocodile,0.6265,0.85
3945,crocodile,0.7148,0.86
3946,crocodile,0.5767,0.78
3947,crocodile,0.6231,0.87
3948,crocodile,0.676,0.86
3949,non-crocodile,0.5806,0.86
3950,crocodile,0.8281,0.77
3951,crocodile,0.7429,0.84
3952,crocodile,0.8259,0.74
3953,non-crocodile,0.5248,0.82
3954,non-crocodile,0.5143,0.76
3955,non-crocodile,0.523,0.85
3956,non-crocodile,0.637,0.79
3957,non-crocodile,0.9029,0.85
3958,non-crocodile,0.8508,0.77
3959,non-crocodile,0.877,0.88
3960,crocodile,0.6072,0.84
3961,crocodile,0.5121,0.78
3962,crocodile,0.8668,0.75
3963,crocodile,0.6631,0.87
3964,crocodile,0.7651,0.8
3965,non-crocodile,0.7798,0.76
3966,crocodile,0.6431,0.86
3967,crocodile,0.8248,0.78
3968,crocodile,0.9382,0.86
3969,crocodile,0.9687,0.8
3970,crocodile,0.9781,0.83
3971,crocodile,0.9553,0.76
3972,crocodile,0.9519,0.85
3973,crocodile,0.8037,0.87
3974,crocodile,0.9252,0.83
3975,crocodile,0.7861,0.77
3976,crocodile,0.8549,0.86
3977,non-crocodile,0.5228,0.87
3978,non-crocodile,0.6478,0.86
3979,crocodile,0.6922,0.74
3980,non-crocodile,0.6595,0.84
3981,crocodile,0.5823,0.86
3982,crocodile,0.7752,0.83
3983,crocodile,0.7232,0.75
3984,non-crocodile,0.5148,0.88
3985,crocodile,0.5303,0.77
3986,crocodile,0.7971,0.91
3987,crocodile,0.9384,0.76
3988,crocodile,0.7656,0.92
3989,crocodile,0.7389,0.74
3990,crocodile,0.694,0.91
3991,crocodile,0.8655,0.81
3992,crocodile,0.8716,0.76
3993,crocodile,0.5887,0.85
3994,crocodile,0.7628,0.88
3995,crocodile,0.5808,0.86
3996,crocodile,0.6947,0.77
3997,non-crocodile,0.5107,0.74
3998,non-crocodile,0.5072,0.9
3999,crocodile,0.5002,0.89
4000,crocodile,0.55,0.86
4001,non-crocodile,0.5083,0.69
4002,non-crocodile,0.6573,0.86
4003,non-crocodile,0.721,0.87
4004,non-crocodile,0.8301,0.84
4005,non-crocodile,0.915,0.7
4006,non-crocodile,0.9415,0.91
4007,non-crocodile,0.9345,0.82
4008,non-crocodile,0.9292,0.88
4009,non-crocodile,0.9614,0.73
4010,non-crocodile,0.8693,0.74
4011,non-crocodile,0.9696,0.9
4012,non-crocodile,0.9491,0.9
4013,non-crocodile,0.9572,0.86
4014,non-crocodile,0.9703,0.74
4015,non-crocodile,0.9625,0.93
4016,non-crocodile,0.9915,0.9
4017,non-crocodile,0.9638,0.87
4018,non-crocodile,0.9526,0.73
4019,non-crocodile,0.9684,0.75
4020,non-crocodile,0.9608,0.89
4021,non-crocodile,0.8794,0.74
4022,non-crocodile,0.7406,0.85
4023,non-crocodile,0.8265,0.77
4024,non-crocodile,0.9506,0.93
4025,non-crocodile,0.9188,0.86
4026,non-crocodile,0.9573,0.79
4027,non-crocodile,0.9342,0.74
4028,non-crocodile,0.9757,0.76
4029,non-crocodile,0.9828,0.89
4030,non-crocodile,0.8953,0.86
4031,non-crocodile,0.9502,0.77
4032,non-crocodile,0.8097,0.77
4033,non-crocodile,0.9812,0.91
4034,non-crocodile,0.9848,0.72
4035,non-crocodile,0.9913,0.88
4036,non-crocodile,0.9824,0.8
4037,non-crocodile,0.9784,0.91
4038,non-crocodile,0.8986,0.9
4039,non-crocodile,0.8514,0.84
4040,non-crocodile,0.8701,0.77
4041,non-crocodile,0.9105,0.9
4042,non-crocodile,0.7887,0.86
4043,non-crocodile,0.8812,0.71
4044,non-crocodile,0.928,0.87
4045,non-crocodile,0.866,0.87
4046,non-crocodile,0.9135,0.84
4047,non-crocodile,0.8001,0.75
4048,non-crocodile,0.5587,0.89
4049,non-crocodile,0.5947,0.84
4050,non-crocodile,0.6077,0.79
4051,crocodile,0.5606,0.85
4052,non-crocodile,0.8871,0.88
4053,non-crocodile,0.7566,0.78
4054,non-crocodile,0.8277,0.88
4055,non-crocodile,0.8419,0.69
4056,non-crocodile,0.813,0.82
4057,non-crocodile,0.9657,0.71
4058,non-crocodile,0.8454,0.88
4059,non-crocodile,0.9553,0.79
4060,non-crocodile,0.9598,0.84
4061,non-crocodile,0.961,0.76
4062,non-crocodile,0.9759,0.84
4063,non-crocodile,0.9263,0.74
4064,non-crocodile,0.809,0.78
4065,non-crocodile,0.9078,0.83
4066,non-crocodile,0.9896,0.82
4067,non-crocodile,0.9389,0.76
4068,non-crocodile,0.9678,0.71
4069,non-crocodile,0.9799,0.87
4070,non-crocodile,0.9738,0.79
4071,non-crocodile,0.885,0.86
4072,non-crocodile,0.583,0.77
4073,non-crocodile,0.8378,0.88
4074,non-crocodile,0.8864,0.84
4075,non-crocodile,0.9492,0.82
4076,non-crocodile,0.938,0.78
4077,non-crocodile,0.8295,0.89
4078,non-crocodile,0.6264,0.88
4079,non-crocodile,0.5336,0.86
4080,crocodile,0.5678,0.73
4081,crocodile,0.6142,0.9
4082,non-crocodile,0.536,0.85
4083,non-crocodile,0.7005,0.82
4084,crocodile,0.7935,0.73
4085,crocodile,0.8216,0.89
4086,crocodile,0.9475,0.88
4087,crocodile,0.8391,0.87
4088,crocodile,0.7831,0.73
4089,crocodile,0.706,0.89
4090,crocodile,0.7346,0.84
4091,crocodile,0.9131,0.83
4092,crocodile,0.8014,0.74
4093,crocodile,0.5001,0.9
4094,crocodile,0.5434,0.77
4095,crocodile,0.7154,0.93
4096,crocodile,0.7861,0.77
4097,crocodile,0.9442,0.9
4098,crocodile,0.8396,0.79
4099,crocodile,0.8664,0.86
4100,crocodile,0.8561,0.72
4101,crocodile,0.8768,0.84
4102,crocodile,0.9241,0.82
4103,crocodile,0.9067,0.77
4104,crocodile,0.8477,0.92
4105,crocodile,0.7692,0.8
4106,crocodile,0.8332,0.82
4107,crocodile,0.8281,0.76
4108,crocodile,0.8243,0.89
4109,crocodile,0.8895,0.74
4110,crocodile,0.9106,0.89
4111,crocodile,0.9557,0.81
4112,crocodile,0.9256,0.92
4113,crocodile,0.8367,0.72
4114,crocodile,0.9298,0.85
4115,crocodile,0.9602,0.79
4116,crocodile,0.9863,0.92
4117,crocodile,0.9264,0.82
4118,crocodile,0.9098,0.86
4119,crocodile,0.9256,0.77
4120,crocodile,0.9906,0.82
4121,crocodile,0.9927,0.87
4122,crocodile,0.9948,0.86
4123,crocodile,0.9874,0.69
4124,crocodile,0.9964,0.86
4125,crocodile,0.9972,0.76
4126,crocodile,0.9962,0.84
4127,crocodile,0.9915,0.74
4128,crocodile,0.9943,0.92
4129,crocodile,0.9933,0.86
4130,crocodile,0.996,0.8
4131,crocodile,0.9961,0.73
4132,crocodile,0.9974,0.82
4133,crocodile,0.9987,0.91
4134,crocodile,0.9985,0.83
4135,crocodile,0.9984,0.79
4136,crocodile,0.9961,0.91
4137,crocodile,0.997,0.87
4138,crocodile,0.9987,0.7
4139,crocodile,0.9979,0.89
4140,crocodile,0.9992,0.86
4141,crocodile,0.999,0.85
4142,crocodile,0.9943,0.73
4143,crocodile,0.994,0.9
4144,crocodile,0.9962,0.77
4145,crocodile,0.9946,0.89
4146,crocodile,0.9982,0.73
4147,crocodile,0.9982,0.88
4148,crocodile,0.9992,0.77
4149,crocodile,0.9993,0.9
4150,crocodile,0.9994,0.82
4151,crocodile,0.9986,0.77
4152,crocodile,0.9943,0.79
4153,crocodile,0.9974,0.88
4154,crocodile,0.9939,0.88
4155,crocodile,0.9991,0.74
4156,crocodile,0.9987,0.86
4157,crocodile,0.9994,0.87
4158,crocodile,0.9978,0.8
4159,crocodile,0.9981,0.75
4160,crocodile,0.9997,0.9
4161,crocodile,0.9995,0.81
4162,crocodile,0.9997,0.91
4163,crocodile,0.9986,0.76
4164,crocodile,0.9992,0.92
4165,crocodile,0.9985,0.81
4166,crocodile,0.9983,0.89
4167,crocodile,0.9962,0.75
4168,crocodile,0.9952,0.77
4169,crocodile,0.9925,0.89
4170,crocodile,0.9952,0.88
4171,crocodile,0.9977,0.81
4172,crocodile,0.9945,0.78
4173,crocodile,0.9964,0.83
4174,crocodile,0.9981,0.8
4175,crocodile,0.9925,0.75
4176,crocodile,0.993,0.88
4177,crocodile,0.9925,0.75
4178,crocodile,0.9799,0.83
4179,crocodile,0.9803,0.72
4180,crocodile,0.9882,0.85
4181,crocodile,0.9751,0.86
4182,crocodile,0.9832,0.8
4183,crocodile,0.9216,0.75
4184,crocodile,0.9383,0.87
4185,crocodile,0.9115,0.85
4186,crocodile,0.7786,0.75
4187,crocodile,0.878,0.76
4188,crocodile,0.8878,0.89
4189,crocodile,0.9398,0.77
4190,crocodile,0.8235,0.89
4191,crocodile,0.6023,0.81
4192,crocodile,0.6175,0.79
4193,non-crocodile,0.611,0.89
4194,non-crocodile,0.6332,0.87
4195,crocodile,0.7187,0.82
4196,crocodile,0.756,0.73
4197,crocodile,0.9138,0.77
4198,crocodile,0.8475,0.9
4199,crocodile,0.9265,0.87
4200,crocodile,0.9292,0.75
4201,crocodile,0.9621,0.88
4202,crocodile,0.9744,0.84
4203,crocodile,0.9755,0.76
4204,crocodile,0.9354,0.85
4205,crocodile,0.969,0.77
4206,crocodile,0.9644,0.87
4207,crocodile,0.931,0.76
4208,crocodile,0.929,0.87
4209,crocodile,0.9608,0.87
4210,crocodile,0.9816,0.86
4211,crocodile,0.9653,0.75
4212,crocodile,0.963,0.82
4213,crocodile,0.9571,0.88
4214,crocodile,0.9828,0.84
4215,crocodile,0.9723,0.77
4216,crocodile,0.9681,0.9
4217,crocodile,0.9747,0.84
4218,crocodile,0.9545,0.83
4219,crocodile,0.9713,0.77
4220,crocodile,0.973,0.9
4221,crocodile,0.9558,0.81
4222,crocodile,0.8971,0.77
4223,crocodile,0.9518,0.76
4224,crocodile,0.9745,0.9
4225,crocodile,0.9806,0.77
4226,crocodile,0.9847,0.89
4227,crocodile,0.989,0.75
4228,crocodile,0.9851,0.82
4229,crocodile,0.9701,0.82
4230,crocodile,0.9856,0.85
4231,crocodile,0.9859,0.82
4232,crocodile,0.9836,0.73
4233,crocodile,0.9725,0.79
4234,crocodile,0.8868,0.83
4235,crocodile,0.9724,0.87
4236,crocodile,0.9712,0.76
4237,crocodile,0.9441,0.86
4238,crocodile,0.964,0.77
4239,crocodile,0.9666,0.85
4240,crocodile,0.9357,0.84
4241,crocodile,0.9506,0.76
4242,crocodile,0.9359,0.91
4243,crocodile,0.969,0.85
4244,crocodile,0.9571,0.77
4245,crocodile,0.9671,0.86
4246,crocodile,0.972,0.86
4247,crocodile,0.9745,0.75
4248,crocodile,0.9531,0.9
4249,crocodile,0.962,0.85
4250,crocodile,0.9341,0.79
4251,crocodile,0.9353,0.74
4252,crocodile,0.9167,0.91
4253,crocodile,0.9847,0.74
4254,crocodile,0.9952,0.89
4255,crocodile,0.9917,0.77
4256,crocodile,0.9717,0.87
4257,crocodile,0.9874,0.85
4258,crocodile,0.9869,0.72
4259,crocodile,0.9925,0.9
4260,crocodile,0.9938,0.88
4261,crocodile,0.9798,0.84
4262,crocodile,0.9572,0.73
4263,crocodile,0.9889,0.87
4264,crocodile,0.9962,0.86
4265,crocodile,0.9975,0.76
4266,crocodile,0.9924,0.9
4267,crocodile,0.997,0.81
4268,crocodile,0.9868,0.87
4269,crocodile,0.9938,0.74
4270,crocodile,0.9951,0.85
4271,crocodile,0.9311,0.75
4272,crocodile,0.958,0.9
4273,crocodile,0.9667,0.83
4274,crocodile,0.9804,0.87
4275,crocodile,0.9796,0.82
4276,crocodile,0.9444,0.78
4277,crocodile,0.8936,0.9
4278,crocodile,0.8636,0.85
4279,crocodile,0.9237,0.81
4280,crocodile,0.8905,0.75
4281,crocodile,0.9462,0.9
4282,crocodile,0.8659,0.85
4283,crocodile,0.9626,0.73
4284,crocodile,0.9587,0.89
4285,crocodile,0.9598,0.9
4286,crocodile,0.964,0.78
4287,crocodile,0.9721,0.73
4288,crocodile,0.9447,0.9
4289,crocodile,0.9817,0.68
4290,crocodile,0.9214,0.84
4291,crocodile,0.9237,0.71
4292,crocodile,0.9667,0.92
4293,crocodile,0.9641,0.87
4294,crocodile,0.9307,0.87
4295,crocodile,0.9684,0.74
4296,crocodile,0.9727,0.89
4297,crocodile,0.9492,0.86
4298,crocodile,0.7571,0.76
4299,crocodile,0.8844,0.76
4300,crocodile,0.8938,0.91
4301,crocodile,0.9086,0.79
4302,crocodile,0.8208,0.89
4303,crocodile,0.9014,0.74
4304,crocodile,0.9141,0.88
4305,crocodile,0.9121,0.77
4306,crocodile,0.927,0.9
4307,crocodile,0.9119,0.86
4308,crocodile,0.8544,0.81
4309,crocodile,0.9725,0.76
4310,crocodile,0.9014,0.91
4311,crocodile,0.8467,0.86
4312,crocodile,0.7506,0.73
4313,crocodile,0.7456,0.86
4314,crocodile,0.7638,0.86
4315,non-crocodile,0.6789,0.86
4316,crocodile,0.7437,0.76
4317,crocodile,0.6608,0.85
4318,crocodile,0.7344,0.76
4319,crocodile,0.6508,0.85
4320,crocodile,0.5547,0.73
4321,non-crocodile,0.5047,0.89
4322,non-crocodile,0.6084,0.88
4323,non-crocodile,0.7877,0.85
4324,non-crocodile,0.6445,0.76
4325,non-crocodile,0.725,0.87
4326,non-crocodile,0.7599,0.87
4327,crocodile,0.7124,0.85
4328,non-crocodile,0.5108,0.75
4329,crocodile,0.6536,0.83
4330,crocodile,0.5748,0.86
4331,crocodile,0.7922,0.76
4332,crocodile,0.6572,0.74
4333,crocodile,0.7156,0.88
4334,non-crocodile,0.5624,0.77
4335,crocodile,0.7729,0.88
4336,crocodile,0.7847,0.82
4337,crocodile,0.9127,0.84
4338,crocodile,0.6027,0.85
4339,crocodile,0.8079,0.8
4340,crocodile,0.6926,0.86
4341,crocodile,0.615,0.82
4342,crocodile,0.556,0.87
4343,crocodile,0.7533,0.7
4344,non-crocodile,0.6306,0.86
4345,crocodile,0.5968,0.76
4346,crocodile,0.6671,0.74
4347,non-crocodile,0.657,0.94
4348,non-crocodile,0.7548,0.76
4349,non-crocodile,0.6778,0.86
4350,crocodile,0.8562,0.76
4351,crocodile,0.7064,0.88
4352,crocodile,0.8458,0.85
4353,crocodile,0.6922,0.84
4354,non-crocodile,0.5591,0.76
4355,non-crocodile,0.6125,0.86
4356,crocodile,0.7641,0.83
4357,crocodile,0.6478,0.76
4358,crocodile,0.7555,0.85
4359,crocodile,0.5807,0.88
4360,crocodile,0.77,0.75
4361,non-crocodile,0.7754,0.86
4362,non-crocodile,0.5632,0.79
4363,non-crocodile,0.6808,0.84
4364,non-crocodile,0.6484,0.78
4365,crocodile,0.7358,0.88
4366,crocodile,0.7033,0.86
4367,crocodile,0.5042,0.85
4368,crocodile,0.855,0.75
4369,crocodile,0.7814,0.87
4370,crocodile,0.9219,0.79
4371,crocodile,0.836,0.85
4372,crocodile,0.9325,0.76
4373,crocodile,0.8769,0.92
4374,crocodile,0.9423,0.81
4375,crocodile,0.8984,0.78
4376,crocodile,0.8746,0.88
4377,crocodile,0.6761,0.88
4378,crocodile,0.9453,0.76
4379,crocodile,0.6923,0.89
4380,crocodile,0.8522,0.86
4381,crocodile,0.8066,0.74
4382,crocodile,0.7497,0.75
4383,crocodile,0.7522,0.9
4384,crocodile,0.7343,0.79
4385,crocodile,0.8195,0.89
4386,crocodile,0.7377,0.86
4387,non-crocodile,0.5029,0.74
4388,crocodile,0.7021,0.87
4389,crocodile,0.9682,0.87
4390,crocodile,0.6852,0.87
4391,crocodile,0.8082,0.76
4392,crocodile,0.9514,0.87
4393,crocodile,0.9062,0.87
4394,non-crocodile,0.5277,0.85
4395,crocodile,0.6353,0.74
4396,crocodile,0.8818,0.88
4397,crocodile,0.841,0.81
4398,crocodile,0.8332,0.71
4399,crocodile,0.8777,0.82
4400,crocodile,0.7633,0.87
4401,crocodile,0.9425,0.76
4402,crocodile,0.885,0.88
4403,crocodile,0.7072,0.73
4404,crocodile,0.8113,0.88
4405,crocodile,0.6875,0.81
4406,crocodile,0.9552,0.86
4407,crocodile,0.7685,0.82
4408,crocodile,0.6226,0.74
4409,crocodile,0.7585,0.9
4410,crocodile,0.8968,0.86
4411,crocodile,0.9218,0.75
4412,crocodile,0.8915,0.89
4413,crocodile,0.9167,0.88
4414,crocodile,0.9811,0.81
4415,crocodile,0.9284,0.77
4416,crocodile,0.9296,0.87
4417,crocodile,0.9692,0.78
4418,crocodile,0.9533,0.9
4419,crocodile,0.9639,0.75
4420,crocodile,0.9417,0.85
4421,crocodile,0.9462,0.78
4422,crocodile,0.8497,0.91
4423,crocodile,0.8795,0.86
4424,crocodile,0.9493,0.73
4425,crocodile,0.9765,0.81
4426,crocodile,0.9878,0.87
4427,crocodile,0.9934,0.85
4428,non-crocodile,0.9954,0.72
4429,non-crocodile,0.9966,0.9
4430,non-crocodile,0.9978,0.86
4431,non-crocodile,0.9982,0.76
4432,non-crocodile,0.9984,0.85
4433,non-crocodile,0.9985,0.87
4434,non-crocodile,0.9986,0.85
4435,non-crocodile,0.9984,0.76
4436,non-crocodile,0.9985,0.85
4437,non-crocodile,0.9992,0.76
4438,non-crocodile,0.9995,0.87
4439,non-crocodile,0.9996,0.77
4440,non-crocodile,0.9996,0.9
4441,non-crocodile,0.9996,0.77
4442,non-crocodile,0.9997,0.79
4443,non-crocodile,0.9998,0.75
4444,non-crocodile,0.9998,0.91
4445,non-crocodile,0.9999,0.85
4446,non-crocodile,0.9999,0.87
4447,non-crocodile,0.9999,0.71
4448,non-crocodile,0.9999,0.85
4449,non-crocodile,0.9999,0.82
4450,non-crocodile,0.9998,0.85
4451,non-crocodile,0.9995,0.71
4452,non-crocodile,0.9995,0.87
4453,non-crocodile,0.9995,0.74
4454,non-crocodile,0.9992,0.86
4455,non-crocodile,0.9993,0.78
4456,non-crocodile,0.9992,0.92
4457,non-crocodile,0.9992,0.78
4458,non-crocodile,0.9992,0.9
4459,non-crocodile,0.9993,0.79
4460,non-crocodile,0.9993,0.89
4461,non-crocodile,0.9994,0.81
4462,non-crocodile,0.9994,0.83
4463,non-crocodile,0.9994,0.75
4464,non-crocodile,0.9994,0.9
4465,non-crocodile,0.9994,0.86
4466,non-crocodile,0.9994,0.76
4467,non-crocodile,0.9994,0.9
4468,non-crocodile,0.9994,0.9
4469,non-crocodile,0.9994,0.88
4470,non-crocodile,0.9994,0.72
4471,non-crocodile,0.9994,0.8
4472,non-crocodile,0.9994,0.93
4473,non-crocodile,0.9994,0.78
4474,non-crocodile,0.9994,0.88
4475,non-crocodile,0.9994,0.87
4476,non-crocodile,0.9994,0.87
4477,non-crocodile,0.9995,0.77
4478,non-crocodile,0.9994,0.89
4479,non-crocodile,0.9995,0.85
4480,non-crocodile,0.9995,0.87
4481,non-crocodile,0.9995,0.75
4482,non-crocodile,0.9995,0.91
4483,non-crocodile,0.9995,0.88
4484,non-crocodile,0.9994,0.87
4485,non-crocodile,0.9994,0.74
4486,non-crocodile,0.9994,0.88
4487,non-crocodile,0.9995,0.83
4488,non-crocodile,0.9995,0.89
4489,non-crocodile,0.9995,0.77
4490,non-crocodile,0.9995,0.9
4491,non-crocodile,0.9995,0.86
4492,non-crocodile,0.9995,0.83
4493,non-crocodile,0.9995,0.79
4494,non-crocodile,0.9995,0.94
4495,non-crocodile,0.9995,0.87
4496,non-crocodile,0.9995,0.78
4497,non-crocodile,0.9995,0.74
4498,non-crocodile,0.9995,0.94
4499,non-crocodile,0.9995,0.9
4500,non-crocodile,0.9995,0.81
4501,non-crocodile,0.9995,0.72
4502,non-crocodile,0.9995,0.95
4503,non-crocodile,0.9995,0.87
4504,non-crocodile,0.9995,0.72
4505,non-crocodile,0.9995,0.93
4506,non-crocodile,0.9995,0.87
4507,non-crocodile,0.9995,0.86
4508,non-crocodile,0.9995,0.74
4509,non-crocodile,0.9995,0.87
4510,non-crocodile,0.9995,0.84
4511,non-crocodile,0.9995,0.84
4512,non-crocodile,0.9995,0.67
4513,non-crocodile,0.9995,0.95
4514,non-crocodile,0.9995,0.89
4515,non-crocodile,0.9995,0.79
4516,non-crocodile,0.9995,0.9
4517,non-crocodile,0.9995,0.76
4518,non-crocodile,0.9995,0.91
4519,non-crocodile,0.9995,0.8
4520,non-crocodile,0.9995,0.91
4521,non-crocodile,0.9995,0.75
4522,non-crocodile,0.9995,0.94
4523,non-crocodile,0.9995,0.82
4524,non-crocodile,0.9995,0.93
4525,non-crocodile,0.9995,0.75
4526,non-crocodile,0.9995,0.91
4527,non-crocodile,0.9995,0.81
4528,non-crocodile,0.9995,0.89
4529,non-crocodile,0.9995,0.77
4530,non-crocodile,0.9995,0.91
4531,non-crocodile,0.9995,0.79
4532,non-crocodile,0.9995,0.95
4533,non-crocodile,0.9995,0.74
4534,non-crocodile,0.9995,0.82
4535,non-crocodile,0.9995,0.77
4536,non-crocodile,0.9995,0.94
4537,non-crocodile,0.9995,0.92
4538,non-crocodile,0.9995,0.82
4539,non-crocodile,0.9995,0.79
4540,non-crocodile,0.9995,0.92
4541,non-crocodile,0.9995,0.8
4542,non-crocodile,0.9995,0.9
4543,non-crocodile,0.9995,0.78
4544,non-crocodile,0.9995,0.91
4545,non-crocodile,0.9995,0.77
4546,non-crocodile,0.9995,0.93
4547,non-crocodile,0.9995,0.72
4548,non-crocodile,0.9995,0.93
4549,non-crocodile,0.9995,0.81
4550,non-crocodile,0.9995,0.84
4551,non-crocodile,0.9995,0.69
